reviewId,userName,userImage,üëç,reviewCreatedVersion,at,replyContent,repliedAt,appVersion,score,Comments,Keywords,LDA_Category,Sentiment,Insight
910fa3ea-29db-4e6d-972b-83a7ccf0b381,Abnet Hussien,https://play-lh.googleusercontent.com/a-/ALV-UjXnxXoNMAzeqPhPOeeJcQPeVWJNkxB102VpiHDyEaBlog,0,23.10.24,2023-12-05 14:47:40,,,23.10.24,1,it fails proceeding after sending OTP for registration.,otp,Account and Identification Issues,Negative,Influential words: fails
1c92335c-20cf-4dc8-8108-40c5ca406669,Paul Flower,https://play-lh.googleusercontent.com/a-/ALV-UjVvxPo9NgluuxIfLA8-QBVnEt1ezWHlgmjEZiiBWlH8eQ,0,,2023-12-05 13:45:23,,,,4,"I like all features of this app but, airtime topup is not included on app",like,Operational Challenges within the App,Neutral,No significant influential words
1d9285f6-3570-43b1-b649-dfbffa671471,Fenkl Massawa (fenkl),https://play-lh.googleusercontent.com/a-/ALV-UjU5I_7y7oMwa2sPXbzNbmv6rai9YcJDYa6YIjh1XRBEUVs,0,23.10.24,2023-12-05 12:41:48,,,23.10.24,5,I like this app,like,Operational Challenges within the App,Neutral,No significant influential words
26a50719-d3b5-4703-a942-5640e04d824a,Mula Boad,https://play-lh.googleusercontent.com/a-/ALV-UjU5UM8s2recCDgTppq2TfksiBS8J2ZzN4AXTcJGcLl79Q,0,23.10.24,2023-12-05 11:55:36,,,23.10.24,5,Litterally i am well exprienced in social media.but iam new camer for your apolloups,,Functional Issues and User Experience,Neutral,"Influential words: social, new"
4f2712f8-4b7f-45e7-8afb-90556692a6b5,yegna gojo,https://play-lh.googleusercontent.com/a-/ALV-UjXNb6rZB3fxJn17Kcbl5mnkPmb6bwPY1Eirs5aVbz2I3Do,0,23.10.24,2023-12-04 06:47:48,,,23.10.24,5,Good,good,Positive Feedback,Positive,Influential words: Good
b3c85eeb-119a-4552-a5e1-b98bb765f8a0,Sinework Kassahun,https://play-lh.googleusercontent.com/a/ACg8ocIMcUIScbkaYJUKTj7g8nMkd8uzjBLo7pSVUTSBsRhR=mo,0,23.10.24,2023-12-03 20:49:08,,,23.10.24,4,"It crashes most of the time, u need to fix that",,App Performance and Usability,Positive,Influential words: most
07bf174e-57cb-4b71-bc25-1f753283be30,Mehamed Sodo,https://play-lh.googleusercontent.com/a/ACg8ocKVVdp7M-arQSi6cXobcI7a_GL-0hH7IX73O5bSbqmt=mo,0,23.10.24,2023-12-03 18:30:20,,,23.10.24,5,Mamila,,Functional Issues and User Experience,Neutral,No significant influential words
1e1c6552-1e2d-479a-a97f-2771d8f93071,DERSO SHITAHUN,https://play-lh.googleusercontent.com/a/ACg8ocIdvzkdMM0Xh8ft2drRWgd1_FKjhaXbqttFPDgT1G5e=mo,0,23.01.16,2023-12-03 08:32:35,,,23.01.16,4,NICE,,Functional Issues and User Experience,Positive,Influential words: NICE
98f9bfde-b791-4664-a2db-f1d8dfa5ed74,Zola Tefera,https://play-lh.googleusercontent.com/a-/ALV-UjWuoXq6WkbtneYvVwW1g4dCOWozVkXSIQsXoRmE3lxcqg1z,0,,2023-12-02 18:47:20,,,,5,its so cool,,Transaction and Compatibility Concerns,Positive,Influential words: cool
855960ce-ec67-4f48-a644-c94163489475,Chaltu,https://play-lh.googleusercontent.com/a/ACg8ocLG1-44jDwivpyPSjd7YKLhsIOnQ187oWCcHvzLB3mU=mo,0,23.10.24,2023-12-02 17:21:55,,,23.10.24,5,Love üíï,love,Functional Issues and User Experience,Positive,Influential words: Love
da015f22-fe65-4e5c-9ee2-d5bbbba89839,Dawit Tekle,https://play-lh.googleusercontent.com/a-/ALV-UjV0f_9PChiZNcbV4zmBPeqIlH3ZBIj5xmR5l93lcGBF3LkL,0,23.10.24,2023-12-02 13:39:00,,,23.10.24,4,Peace üôè,,Functional Issues and User Experience,Neutral,No significant influential words
2bda0c3b-8f9a-466b-ac12-8b62c09de70c,seid ali hussen,https://play-lh.googleusercontent.com/a-/ALV-UjV65M90nL-n5y_9klbGgtf2SNwSGtS8t0sne1kVp0neLA,0,23.10.24,2023-12-02 10:37:14,,,23.10.24,5,This amaizinge ape i like,like,Operational Challenges within the App,Neutral,No significant influential words
8dd7db91-84df-4bd9-b411-3bae217b05e1,Soso Soso,https://play-lh.googleusercontent.com/a/ACg8ocIqh2lEEBCFw6Mhsk26NYQNVTJAOyVz3y0ZjkaAdHYh=mo,0,,2023-12-01 19:00:51,,,,1,totaly difficult app,,Functional Issues and User Experience,Negative,Influential words: difficult
eaeaf82b-90ac-468e-924e-3a69bd175aaf,Tazebe Belay,https://play-lh.googleusercontent.com/a/ACg8ocJk0WAAbfNa7CyAsJkGBMicl_fn0vw1liAhhcyl2WwY=mo,0,23.10.24,2023-12-01 13:51:09,,,23.10.24,5,Best app,best,Positive Feedback,Positive,Influential words: Best
e446b771-e51e-49d0-9ef9-4ff696b5614f,Abenezer Kassahun,https://play-lh.googleusercontent.com/a/ACg8ocJv4-Jhsw-iN_LTkEpqIJY-My-c_ySQ0p9pCKI27fFZ=mo,0,23.10.24,2023-11-30 04:15:15,,,23.10.24,1,Very annoying app uhhh!,,Operational Challenges within the App,Negative,"Influential words: Very, annoying"
595a2053-a20e-45a9-b5c4-29de79799c92,abeje tilahun,https://play-lh.googleusercontent.com/a-/ALV-UjVuKxe8P0NlRut_FL9CQ63VF_XkdYjOTNFWT508TcH-yw,0,,2023-11-29 15:18:58,,,,2,·â†·å†·àù ·ä†·à≠·çã ·äê·ãâ,,Positive Feedback,Neutral,No significant influential words
bc0ea32e-7917-4596-bc2a-d1cbb1cf455c,Samson Takele,https://play-lh.googleusercontent.com/a-/ALV-UjW9hS_b-0L0hRaXV9pbOXI45riGp7_LHbbpiV1VsI9Amx0,0,23.10.24,2023-11-29 15:07:46,,,23.10.24,5,Good,good,Positive Feedback,Positive,Influential words: Good
bbedd3e2-9823-4208-a924-34cfe1e4573a,Tesfu Haile Yesus,https://play-lh.googleusercontent.com/a-/ALV-UjUailo3sksdqasF4cGRc9whmI2uTvYOxfXo1S9vYsRLr3I,0,23.10.24,2023-11-29 13:27:02,,,23.10.24,3,·àò·åÄ·àò·à™·ã´ ·àµ·å†·âÄ·àù·â†·âµ ·ä†·â§·âµ ·ä•·äï·ã¥·âµ ·ä†·à™·çç ·ä†·çï·àä·ä¨·àΩ·äï ·äê·ãâ ·â•·ã¨ ·äê·â†·à≠·ç¢ ·äê·åà·à≠·à∏·åç·äï·â†·àÅ·àà·â∞·äõ ·åä·ãú ·àµ·ä®·çç·â∞·ãâ ·ä†·çï·àä·ä¨·àΩ·äë ·ãµ·à≠·âÖ ·ä†·àà·ç¢ ·ãµ·à≠·âÄ·â±·äï ·ä†·àã·âÅ·âµ·ç¢,,Positive Feedback,Neutral,No significant influential words
4f6792b1-eaf6-4325-9918-29e2afe4d475,Debela Gudeta,https://play-lh.googleusercontent.com/a/ACg8ocIQSTQb69e7ko1Dvp9-4YRwlQBhY1yhe1Rxy0lwRyD6ow=mo,43,23.10.24,2023-11-29 12:44:31,,,23.10.24,3,I like the app except the following reasons: 1. The app never send email security notification that causes the problem of logging from different devices and locations (incase of living abroad). 2. The app is very big in its MB that causes less operational smooth.,problem,Operational Challenges within the App,Neutral,"Influential words: very, less, smooth."
bd08bbb4-4d7c-493d-8c8d-dcb8f2cfa638,Zekeria Vlog ·ãò·ä®·à™·ã´ ·â≠·àé·åç,https://play-lh.googleusercontent.com/a-/ALV-UjWCUCuoDrDWKZipz30FSBkdQdzzOsVqZVtbW7X_GdBXkA,2,23.10.24,2023-11-28 17:25:02,,,23.10.24,2,What is wrong with App? It take too much time to move from 1st step of authentication to the 2nd step and sometimes it turns off by itself l.,authentication,App Performance and Usability,Neutral,"Influential words: wrong, much"
b3aefb37-9b10-4802-996e-374efa3bf3fc,Zelalem Adane,https://play-lh.googleusercontent.com/a-/ALV-UjVT924UWPE2N5_wAgKa4yDDOLviNu6Yg7DxFZ2byGV2Mg,0,23.09.23,2023-11-28 13:27:30,,,23.09.23,5,goodgood,,Functional Issues and User Experience,Neutral,No significant influential words
c76f3ac1-ac55-4406-b74d-506dee1fc1db,Niguse Admasu,https://play-lh.googleusercontent.com/a/ACg8ocLOADrT13fV0QcRe2rUuc-gs1UWxIxbb5nySaL64Ijv=mo,0,,2023-11-26 20:19:03,,,,2,Erro an incomplete bersion before,,Functional Issues and User Experience,Neutral,No significant influential words
4464c0a0-67b2-407f-96f5-effc69c666f8,Ezana Akalu,https://play-lh.googleusercontent.com/a-/ALV-UjWC_xpNSNpZP4TboO5ywd_DPTfEXLg89eBlzlNKb1xXgs8,1,23.10.24,2023-11-26 18:37:05,,,23.10.24,1,"Its the worst app ever it doesn't work properly, please try to fix it",,Operational Challenges within the App,Negative,Influential words: worst
570f63e4-d221-41c4-88c4-227cb9784371,Biniyam Bogale,https://play-lh.googleusercontent.com/a-/ALV-UjXDYDGuS5fh8e4teBAFAMzgo4JN-oz01rIvfFziN3Howw,2,23.10.24,2023-11-26 08:50:05,,,23.10.24,1,"Literally the app isn't working, it is waste of time and space having the app on mobile.",working,Transaction and Compatibility Concerns,Negative,Influential words: waste
a0da76e8-e3fd-498b-9142-0e91ed884aa2,Abbaa Tube Haqaa,https://play-lh.googleusercontent.com/a-/ALV-UjXYW1F87teYB9P1cugCpXlzgqUjOxxLGJ3t_Gt_qVEtU1E,0,23.10.24,2023-11-25 17:13:02,,,23.10.24,4,Some time notwork,,App Performance and Usability,Neutral,No significant influential words
11f164b2-eed0-4930-85ff-b512185ad522,Kidus Gn,https://play-lh.googleusercontent.com/a-/ALV-UjU05VAEXsFRGDkRvdzBDSMjFWk1fySZ-2fb67A0aPHhoQ,0,,2023-11-25 14:33:13,,,,1,"poor development, i dont recommend using it, dont download",,Operational Challenges within the App,Negative,Influential words: poor
6911557b-c752-4830-9437-f4a8b7b87926,Dame Abdisa,https://play-lh.googleusercontent.com/a-/ALV-UjXw2vh_ffYbh-40u1RS7fehCsj2ZZL4dWZXmpfKojDvsg,0,,2023-11-24 18:11:57,,,,1,i don't now what to say this is fully lagged and I don't suggest to anyone,,Positive Feedback,Neutral,No significant influential words
c189022f-e9a6-45c3-a175-1c1396623d16,DANIEL DAwIT,https://play-lh.googleusercontent.com/a-/ALV-UjUiyV2lP163Vun5tvx8ut1bB-5uiEKyd7-wXo4iqTSi0Kw,0,,2023-11-23 15:45:07,,,,5,Good appe,good,Positive Feedback,Positive,Influential words: Good
b3e2deba-815e-4f86-b6f5-d34bc794f145,G Lali,https://play-lh.googleusercontent.com/a-/ALV-UjWheAKGVACJid523kaa1bfdtTL2zmb_TeqmXegnmJcP3zY,3,23.09.23,2023-11-23 15:36:22,,,23.09.23,5,Almost I use all digital finance app but apollo is the best because of fair loan interest due...tnx,best,Positive Feedback,Positive,"Influential words: best, fair"
064bec0c-d62e-4c49-bed0-35538cae37c5,Yemisrach Alemayehu,https://play-lh.googleusercontent.com/a-/ALV-UjXBwzoUUsXZBmAz22QcmFNm-IPEJEif2mpE8bT8j0NIzg,0,23.09.23,2023-11-22 12:07:26,,,23.09.23,5,Good app thank you so much,good,Positive Feedback,Positive,"Influential words: Good, much"
e8f1fa07-428e-48df-b4e9-1ba9e0cb63cd,Youtube Maker,https://play-lh.googleusercontent.com/a-/ALV-UjX_AWKP-93jjmfkzn1bP1WJoCVfihII6GrL4Tnx-hBhPA,0,,2023-11-22 10:03:41,,,,1,It crashes when you try to scan you ID,,Positive Feedback,Neutral,No significant influential words
2d88e095-6514-47b2-9c22-cee2c69bc6cb,Mifta Abdu,https://play-lh.googleusercontent.com/a/ACg8ocLqVY3l2GC6t41t9sZ2btGt66cqRT3AoMdg3xO4AG0c=mo,0,23.10.24,2023-11-20 17:17:36,,,23.10.24,5,mifta abdurahman hamed,,Functional Issues and User Experience,Neutral,No significant influential words
6dfa2d95-6dd4-4bbe-a008-e57ad62badeb,Firesenay,https://play-lh.googleusercontent.com/a-/ALV-UjU4oQJJ7mXWVfyESpdMkLh_mfemFNgCfQwlevNbUMYsjWY,5,23.10.24,2023-11-20 12:29:47,,,23.10.24,1,"This app is making my life hell. I deposit a money and when I wanted to withdraw it, It's isn't letting me have my OWN money. It feels like those tiring and awful bureaucracys of our country. Sometimes apolo's problem become worse.","money, deposit, withdraw",Transaction and Compatibility Concerns,Negative,"Influential words: OWN, awful, worse."
b14ff83c-2eb5-42de-888a-349f361831e7,Tajedin Mohammed Hedir,https://play-lh.googleusercontent.com/a-/ALV-UjW3DSrQIn6KtxDNrFeU-26crACUlrwS5B8omdHwQBKFsQ8,0,23.10.24,2023-11-20 09:06:10,,,23.10.24,3,·çÄ·åÄ·çÄ ·çÑ·à†·åà ·çê·ãê·å∏,,Functional Issues and User Experience,Neutral,No significant influential words
f2faed29-6186-4bb5-9c44-bf05d1a069a8,santa tube,https://play-lh.googleusercontent.com/a-/ALV-UjVSMkeSMg4Mk9k7ka1DhZIfRBxEtDS4tClRFEVBjRbIQA,0,,2023-11-19 14:13:22,,,,5,"This app ,,,,,,,,,",,Operational Challenges within the App,Neutral,No significant influential words
65a6bd81-7ab5-44a2-af43-8ebad2a2d97f,Abiti Degu,https://play-lh.googleusercontent.com/a-/ALV-UjXAUU7ykFizsuUKFg713dKV9FcXzg3OuZWudnSQ5uV66Ws,0,,2023-11-19 12:46:33,,,,5,Best of the best,best,Positive Feedback,Positive,"Influential words: Best, best"
26647799-70a2-495a-a8a5-bb01a540cedc,·äì·â≥·äí·àù ·ãò·â∞·ãã·àï·ã∂,https://play-lh.googleusercontent.com/a/ACg8ocI3lWJ0Pr_R8uOpDpwqBucURSSep4-rZwJRArq0F5tj=mo,0,,2023-11-19 07:29:55,,,,5,Choice of all,,Functional Issues and User Experience,Neutral,No significant influential words
3a6d3777-cce9-4fa3-ada5-dc490602f584,Nyedet Gatluak,https://play-lh.googleusercontent.com/a-/ALV-UjXQlvXMmitenh6x70kt14J3B0hF2I-yscPZfgarerTM_w,0,23.10.24,2023-11-18 17:14:55,,,23.10.24,5,Happy,happy,Functional Issues and User Experience,Positive,Influential words: Happy
1fb6ba7b-0931-4599-a1a5-a632ebe12a3d,Gedefaw Eshetu,https://play-lh.googleusercontent.com/a-/ALV-UjU08oZd8GQ9gXLJyQfoIpPteL_QaItcahC9KsX0doUhFg,0,23.03.03,2023-11-18 12:13:08,,,23.03.03,1,"It is good app,",good,Positive Feedback,Positive,Influential words: good
427326f6-9dde-44da-ba46-0bf842061dcc,Ahmed Yusuf,https://play-lh.googleusercontent.com/a-/ALV-UjXmK1Sb2ffYu7gRPOhMYTdPCgYLJyFAALYMbp7pfMOTBjE,0,23.10.24,2023-11-17 13:20:39,,,23.10.24,1,"Nonesense. What is the point of claiming being digital if you don't accept a Kebele ID to create an Apollo, an ID you also accepted to create an Abyssinian account in person. The call center guys find fault in your ID but forget that it is also in their system. But I understand their caution. May be this Apollo will work on the National ID and not everyone has a passport. ·â†·ä†·ä´·àç ·ä†·ä´·ãç·äï·âµ ·à≤·ä®·çà·âµ ·ã®·â∞·âÄ·â†·àã·âΩ·àÅ·âµ·äï ·ã®·âÄ·â†·àå ·àò·â≥·ãà·âÇ·ã´·ç£ ·à≤·àµ·â∞·àõ·âΩ·àÅ ·àã·ã≠ ·ã´·àà·äï ·ã®·âÄ·â†·àå ·àò·â≥·ãà·âÇ·ã´ ·àà·ä†·çñ·àé ·à≤·àÜ·äï ·àà·àù·äï ·ä•·äï·ã∞·àõ·âµ·âÄ·â†·àâ ·ä†·ã≠·åà·â£·äù·àù·ç¢",account,Functional Issues and User Experience,Neutral,Influential words: center
7542b3fd-1c94-40ed-a8b9-62baa92a8fe8,Liben Abera,https://play-lh.googleusercontent.com/a-/ALV-UjVTdRs7ePtLqCyUlSv0m2XICir9h2H32xugqMYN0sZFOQ,0,23.10.24,2023-11-15 20:57:54,,,23.10.24,1,Try to create an account it crushers always why?,account,Transaction and Compatibility Concerns,Neutral,No significant influential words
e1a71284-35d7-43cf-b0d4-c6fcb276eee4,Yonas Dereje,https://play-lh.googleusercontent.com/a-/ALV-UjWW9FX4LM5sW84eb1pPGYqhpmfcRwzatm8LBHrlDVFaIFY,5,23.10.24,2023-11-14 11:26:07,,,23.10.24,2,"Good and quality interface, but it takes ages to load from one functionality to another, plus it crushes repeatedly","functionality, interface",App Performance and Usability,Positive,Influential words: Good
7d50f31b-12e3-4c25-b0dd-3b06d284e371,Nardos Nardi,https://play-lh.googleusercontent.com/a/ACg8ocJSBEgwk5TG3v3h_U2uErneGbhOrtsf2kRlrRaCpZ0d=mo,0,,2023-11-14 07:06:30,,,,1,I can't download the app whats happened,,Operational Challenges within the App,Neutral,No significant influential words
f8176392-3f14-4c3f-a3af-eb32201a7cc6,Meyritu Dina,https://play-lh.googleusercontent.com/a/ACg8ocIwDI36CfN7_pqLg3h5vP-MdeIT_CDduTZUu0y1Rx-i=mo,1,,2023-11-11 23:17:20,,,,5,"Expiry Date is not written ob kebele ID, but this application not accepted ID without Expiry Date. I think ID issue date is enough to verify ID",issue,Account and Identification Issues,Neutral,No significant influential words
68d85793-f5cf-4cef-b752-f696b7d26fe1,New Things Tube,https://play-lh.googleusercontent.com/a-/ALV-UjU3pNkVJZpSsgRooV4oQQSaXlGRyNZqnTQ6MxcDKBLrmzs,1,23.10.24,2023-11-11 18:21:23,,,23.10.24,5,Best of best,best,Positive Feedback,Positive,"Influential words: Best, best"
44a89a5d-a069-4c47-a7d7-baf1a6cb49e1,Mikiyas Abrham,https://play-lh.googleusercontent.com/a/ACg8ocIKE2yrwMjXv6e_HX8MijYqi6tcv2K8HXFIJAsUnaxL=mo,0,23.10.24,2023-11-11 07:14:20,,,23.10.24,1,Is very slow app,slow,Operational Challenges within the App,Negative,"Influential words: very, slow"
378b98a4-8fae-466a-935f-bac44d1a2ea4,Ftuden musa Mhamde,https://play-lh.googleusercontent.com/a-/ALV-UjVyt5WGrGDE65UEFg3QI5BZ3g7b-J61Lg25YsRMwJJyzg,0,23.10.24,2023-11-10 23:09:10,,,23.10.24,5,Ftuden musa,,Functional Issues and User Experience,Neutral,No significant influential words
92d2f521-a750-4a34-ad2e-c2e4443e7022,Nebyu Daniel,https://play-lh.googleusercontent.com/a-/ALV-UjUonecwa2WC6lOe-y8ST2qrhD_1kkxA4k32ZqaRMwQ1pjA,3,23.09.23,2023-11-10 08:25:37,,,23.09.23,1,"So it wasgood at first, then it started having some issues and updating it dont mean making it more laggy but making it wasy to use for all kinds of devices.",,Functional Issues and User Experience,Positive,"Influential words: first,, mean, more"
f2f6e552-89b6-4bfc-ac7b-3d91842cb8aa,Joseph Asegid,https://play-lh.googleusercontent.com/a-/ALV-UjX3-NOGYgCEbo3Vt037mg9JjKUmRwYOZX-TBByGfdwrYEA,5,23.10.24,2023-11-09 23:05:45,,,23.10.24,4,When verifying an OTP the keypad isn't visible please fix that,otp,Account and Identification Issues,Neutral,No significant influential words
f1f479e0-fde0-46d1-a5e5-16b3a197ab70,Feysel Jemal,https://play-lh.googleusercontent.com/a/ACg8ocIU4z5PJyzqK4Y87V0N5-Fz_0UO3wWycSQ9fLn513zZ=mo,0,23.09.23,2023-11-09 19:36:32,,,23.09.23,1,It doesn't work properly,,Operational Challenges within the App,Neutral,No significant influential words
3a8828b4-84c1-495e-a2d6-9abc4b1baa18,Robel Love,https://play-lh.googleusercontent.com/a/ACg8ocILkFrs69OK2B6j56kgGPlPMyh9sWZLdkKY6D5dJflr=mo,3,23.10.24,2023-11-09 17:11:24,,,23.10.24,5,It's very wonderful app but solve some time ceme application problems,,App Performance and Usability,Positive,"Influential words: very, wonderful"
091db473-6cef-4eec-acbb-6b722e6e8280,Kabtamu Asrat,https://play-lh.googleusercontent.com/a/ACg8ocKfOVEjn3SOEUpqZs-NYuTGdcbmgaRbMaKAZIxtbYvA=mo,2,23.09.23,2023-11-09 02:20:32,,,23.09.23,2,"Needs better improvement ,update",,Functional Issues and User Experience,Positive,Influential words: better
1eca1446-f280-41b4-964c-3e7aee165120,Ahmed muhye Bashir,https://play-lh.googleusercontent.com/a/ACg8ocJThvDNyJf8WaL-xWvLA8QaAWgNf7DzErUxELJO0qZw=mo,0,23.10.24,2023-11-08 18:48:56,,,23.10.24,5,Tank you,,Functional Issues and User Experience,Neutral,No significant influential words
b101403a-3c0b-4160-8868-52988ac3595b,TAMIRU DST,https://play-lh.googleusercontent.com/a-/ALV-UjXS1OUd5sV8WB6c4Rjn0-ZTtwqGqcRJV2liGBWxcYn_zv0,0,23.09.23,2023-11-08 13:54:03,,,23.09.23,2,·àù·äï·àù ·ä†·ã≠·àç·àù ·ä†·äï·ã≥·äï·ã¥ ·ã≠·àµ·à´·àç ·ä†·äï·ã≥·äï·ã¥ ·ä†·ã≠·àµ·à´·àù,,Functional Issues and User Experience,Neutral,No significant influential words
f8e87744-fb77-4275-9718-f3d6f4d68047,Bekalu Ferede,https://play-lh.googleusercontent.com/a/ACg8ocKQfmy28roCdKj_cuixR63vFy3s3W6fdP--nHIAIr_mbw=mo,0,23.10.24,2023-11-08 05:53:10,,,23.10.24,5,Nice app,,Operational Challenges within the App,Positive,Influential words: Nice
92c0ada5-9b54-4a07-bc52-4233d85eb72a,Kasim Bedewi,https://play-lh.googleusercontent.com/a-/ALV-UjVQ-nuyIl8V1xy_tvh3v6ZYJyUZMLMEiGexbSmTA-BrF4E,0,23.09.23,2023-11-07 19:02:38,,,23.09.23,5,nice banke,,Functional Issues and User Experience,Positive,Influential words: nice
32af82ff-a0ac-4329-abfc-d4edc31d1e52,Goshu Mebratom,https://play-lh.googleusercontent.com/a-/ALV-UjXSk795WQ2bGGwPBFBZ36Cd-ch1uFIrskLl-c7BiZDgD4s,0,23.09.23,2023-11-07 09:12:12,,,23.09.23,4,I like this app,like,Operational Challenges within the App,Neutral,No significant influential words
ccb27584-7de4-4355-8724-6e083f2b0ff0,fekadu abebe,https://play-lh.googleusercontent.com/a-/ALV-UjX9r97Z6Zkm08e8pyqtgmEoIvDY8rU42zNX5Syp-1P354s,1,23.10.24,2023-11-07 08:06:31,,,23.10.24,5,·ä†·äï·ãµ ·ä•·à≠·àù·åÉ ·âÄ·ã≥·àö !,,Functional Issues and User Experience,Neutral,No significant influential words
dd484ad5-4743-4a57-bf81-cb2cc7b1b8ff,Dagim Kenea,https://play-lh.googleusercontent.com/a-/ALV-UjXrrzVt8iiLEctalGCUHmWiIwOzXBC4j-a4s1uYa4VRO7w,3,23.10.24,2023-11-05 18:35:45,,,23.10.24,3,Good but bad at the same time. It keeps crashes.,good,App Performance and Usability,Neutral,"Influential words: Good, bad"
9b16aca4-32ef-4647-b66b-bbe568f676b7,Robel Yehualashet,https://play-lh.googleusercontent.com/a/ACg8ocJ5BxOFThhEr9tFkEE_VOfachYsUCPutPe4RANIPQqu=mo,1,23.10.24,2023-11-05 06:11:05,,,23.10.24,5,Best app,best,Positive Feedback,Positive,Influential words: Best
8b49bbe4-cbfc-4c7d-a37f-285484783d16,Fuad Mohammed,https://play-lh.googleusercontent.com/a/ACg8ocIXYZGR6UD3M6-QQrDJ9pNFCnqKcpIeBHtUmQflsz4N=mo,0,23.10.24,2023-11-05 05:30:49,,,23.10.24,1,So lazy app,,Operational Challenges within the App,Negative,Influential words: lazy
62b02ad2-36d3-4c50-b187-f22313c669e3,yared abrham,https://play-lh.googleusercontent.com/a-/ALV-UjU7NnAlR_8ieXTo9J32axJvc7zwkTzn4lAP7froy7SUCA,0,,2023-11-05 04:58:52,,,,5,Very good,good,Positive Feedback,Positive,"Influential words: Very, good"
e2b0d66d-7633-4a3b-abfb-7e89603f061e,Yonas Tedros,https://play-lh.googleusercontent.com/a-/ALV-UjVulItccgJCSE5ozGsgU-zI9BmOOSmOLlr0oyqp5qIsNg,1,23.10.24,2023-11-05 04:29:13,,,23.10.24,1,It is very difficult to log in . üò°,,Functional Issues and User Experience,Negative,"Influential words: very, difficult"
f52ad54a-c689-4ee6-a67e-e15feb66da70,noah abe,https://play-lh.googleusercontent.com/a-/ALV-UjWFBsYb9-KG6Xmm2AJVrSJsChvvXh_hu8kh5-tjyfL-4dQ,39,23.10.24,2023-11-05 01:24:22,,,23.10.24,5,"Nice app. Is the NFC feature working?? I mean can I tap my phone on the ATM, enter my Apollo password and withdraw cash?",withdraw,Positive Feedback,Positive,"Influential words: Nice, mean"
afb06333-e8a0-4807-9345-dc4a0bf1d5b0,Seid Muhye,https://play-lh.googleusercontent.com/a-/ALV-UjUu9XngE17Fil9ISrp72DI1Ac6I_nzOWZSbgXJs50qWIQ,0,,2023-11-03 05:22:22,,,,5,Good,good,Positive Feedback,Positive,Influential words: Good
67100bbc-86be-4da4-aa80-d8f0f285bc1d,teddy bekure,https://play-lh.googleusercontent.com/a/ACg8ocKgt_QKBwpOHbR8epZQUboVlzQfz4Zq1f6xa0SAFXpg=mo,0,23.09.23,2023-11-02 12:39:05,,,23.09.23,4,Ok,,Functional Issues and User Experience,Positive,Influential words: Ok
cc757bb0-6187-439f-a13e-23e4d95b574a,Ab Ethio,https://play-lh.googleusercontent.com/a-/ALV-UjUZCVBKvQluTmjtZm-G2qF01HRPxxU4koQeUXj1TKgyJQ,1,23.08.03,2023-11-01 14:03:20,,,23.08.03,5,Nice,,Functional Issues and User Experience,Positive,Influential words: Nice
fff33940-f68e-46d1-97f5-723122e1b2d0,Kedir Abdi,https://play-lh.googleusercontent.com/a-/ALV-UjWeKXyJMAqYWhjL1Sv3HjlfdUYK6bGO3pudEAaYP1bB,0,23.10.24,2023-10-31 03:18:52,,,23.10.24,1,why appollo app can't install on my phone?,,Operational Challenges within the App,Neutral,No significant influential words
b9991714-8028-4314-9eb4-c96079fe4f09,tesfaye dereje,https://play-lh.googleusercontent.com/a-/ALV-UjUKz4EK2OeBuOtwJKMSGwJI1h0ADdDPvAxw-DbJ-0O0cdQ,129,23.10.24,2023-10-30 15:13:19,,,23.10.24,2,"Really, I began frustrated while at the moment of begin to use the app. The functionality of this App not going well, it push you back to log in multiple times, no response as soon as push the button and so on. If it's going like this without updates, am I'll decide to come out of this...",functionality,Operational Challenges within the App,Negative,"Influential words: Really,, frustrated"
206434c2-cd9b-4cb6-b9c9-30ac237501f2,ali afar,https://play-lh.googleusercontent.com/a-/ALV-UjV4k1Fa9W_aBuixPh8DepzNEWVBNqa7CzJ5ELJceLIu0Q,0,,2023-10-29 12:03:57,,,,5,Good optional,good,Positive Feedback,Positive,Influential words: Good
3a8387fc-cf90-48d7-81ba-23ee94bb1e8f,Ephrem Abebe,https://play-lh.googleusercontent.com/a/ACg8ocKwabRAHTlK4_dwTiMQZNZuR5Pp56l0DpdyBN7a_cVb=mo,0,23.10.24,2023-10-28 10:14:10,,,23.10.24,5,6year,,Functional Issues and User Experience,Neutral,No significant influential words
8d42b6c0-5770-4815-adfe-ff85e3fac811,mohammed juhar,https://play-lh.googleusercontent.com/a-/ALV-UjWbSPlXH6S-W9G9no2B7rBuI0SxXPP7KwcSpCm4-lXiVe8,1,23.10.24,2023-10-28 04:27:01,,,23.10.24,5,Very good,good,Positive Feedback,Positive,"Influential words: Very, good"
f83dfcd3-b2e2-40d3-8c96-f0c722fd92f0,Natnael Sileshi,https://play-lh.googleusercontent.com/a-/ALV-UjULukxGPsV-tGGM0jTHjcPmZpDyjUAfwd23jgPtIWktCA,0,,2023-10-26 08:23:28,,,,5,The best digital bank of Ethiopia,bank,Positive Feedback,Positive,Influential words: best
cdd6cc9d-fb45-4282-b3a2-3ed39c6ec17b,Zita Zita,https://play-lh.googleusercontent.com/a/ACg8ocJabufaBRq0Y5YjRtLhb9zG9lXq98mgJsr4zbZ1NQSX=mo,1,23.10.24,2023-10-26 06:25:48,,,23.10.24,5,It's good üëç,good,Positive Feedback,Positive,Influential words: good
94c11328-fe34-48e6-82e4-91dd7d59f7d9,Dimtsu Shimelis,https://play-lh.googleusercontent.com/a-/ALV-UjXQVGv4kHl8ztDZYyQ2fzqS5OlBOlX2Tn8L7eQuwya2Bw,0,,2023-10-25 18:20:48,,,,5,Nice,,Functional Issues and User Experience,Positive,Influential words: Nice
bd3c89df-3cee-45f5-9558-0737147c547c,Molla Asnake,https://play-lh.googleusercontent.com/a/ACg8ocKyw0g7ZLm3bb9x0anBl7-ZQOCXg_V06OEUasUo51GN=mo,0,23.03.03,2023-10-25 18:13:15,,,23.03.03,5,The leading one,,Functional Issues and User Experience,Neutral,No significant influential words
2811bf25-fae4-4eae-9a35-81eac3832281,daniel kebede,https://play-lh.googleusercontent.com/a/ACg8ocKhc01F3h9_HLAGz0adBWdcjJFCtl2s2LEZcbicjIPo=mo,0,23.10.18,2023-10-25 09:55:27,,,23.10.18,1,Glitchy to the point of unusable,,Functional Issues and User Experience,Neutral,No significant influential words
678958df-09c1-49e0-8831-4a3035cbe8e1,Eshete Efa,https://play-lh.googleusercontent.com/a-/ALV-UjUCQ4CTb7WMrTtSQ_0OGzAyA4G8MWQ_ixrkBy1Dgz9LNI0,374,23.09.23,2023-10-21 04:34:14,,,23.09.23,2,"This app has serious problems. Once logged out, it is difficult to log in again. It does not give any time and closes immediately. So I couldn't withdraw the money I deposited in this account #Update They are getting better now than before. But some problems still persist. Unlike other banks, it remains efficient and reliable to send to various financial applications. For example, sometimes it is difficult to send money to Telebr","money, withdraw",Functional Issues and User Experience,Negative,"Influential words: serious, difficult, better, other, difficult"
ba02fb4b-1c10-4273-a28b-f1a79a43ccb5,aymen aladin,https://play-lh.googleusercontent.com/a/ACg8ocIuJQATTe5JtCbul_TbppGi2_OZQIrZO3AVvHZZCZDf=mo,0,,2023-10-20 08:13:26,,,,5,BoA,,Positive Feedback,Neutral,No significant influential words
52b7d9ff-37ce-4b2b-a46d-94f43ce31e3f,Kassa Hamdino,https://play-lh.googleusercontent.com/a/ACg8ocKk3ThgrfcHOKdYXkSKxlAVlrESPCGgQClz9psY3a8c=mo,1,23.09.23,2023-10-19 09:21:20,,,23.09.23,5,Apolo good app,good,Positive Feedback,Positive,Influential words: good
ebe960dd-f8bd-42f3-aff4-aed6f0728848,heni mah,https://play-lh.googleusercontent.com/a/ACg8ocKwXvTM7CCorxa-JQ34SGQnNn9XEqLJwExEbLncBriO=mo,55,23.09.23,2023-10-19 05:27:04,,,23.09.23,1,"I can't even signup. In the process of signup, it askes to prefer from the account numbers I have. But when I enter my account it didn't respond. I have two Abyssinia account.",account,Functional Issues and User Experience,Neutral,No significant influential words
c1c0d5cb-6dd4-4aad-b6c9-ceaf4a817bba,Solomon Sol,https://play-lh.googleusercontent.com/a-/ALV-UjUJhsfMNnDaIUPWAZwz5PpO9wm5AIF0sKTy5-BsEE9Xig,0,23.09.23,2023-10-19 00:09:37,,,23.09.23,3,Wow,,Functional Issues and User Experience,Neutral,Influential words: Wow
e9971200-4457-4d9d-906a-9c253b8bc036,Ali Baba,https://play-lh.googleusercontent.com/a-/ALV-UjXb2Zfnc9YZvk8vDzEBBBVSiXacH6M01Z7NIhGur7R1xw,0,23.09.23,2023-10-18 16:47:49,,,23.09.23,1,Open,,Functional Issues and User Experience,Neutral,No significant influential words
ddaf97de-2ec5-4fd8-82fc-78cc7a91956c,iyuu Fufa,https://play-lh.googleusercontent.com/a/ACg8ocJpRCpmMhyentl4wXG4FO5Pp_OSXYNiNrHN4WMPcP0T=mo,0,23.09.23,2023-10-18 15:38:51,,,23.09.23,5,Good,good,Positive Feedback,Positive,Influential words: Good
03d178ab-831c-4fdc-a3e5-e7df174a0888,Lealem Anteneh,https://play-lh.googleusercontent.com/a/ACg8ocKqZTHbNf9spXbVK2Jw_WPpcyhUQMUKd9Qyeet5ozE6=mo,0,,2023-10-18 15:38:11,,,,1,Best app!,best,Positive Feedback,Positive,Influential words: Best
cb2e047a-944e-4e03-bb45-703209015e96,Efawok Teshome,https://play-lh.googleusercontent.com/a-/ALV-UjXXvl2TCg0GXNHnXhPv1w4Fc-Z1jyn41Bs_f3DKOoiSshc,0,,2023-10-18 08:30:57,,,,5,Coolüòé,,Transaction and Compatibility Concerns,Neutral,No significant influential words
d48a9c46-b03a-41da-8c2f-52f0b7d56b25,ALBERT DESIGN,https://play-lh.googleusercontent.com/a-/ALV-UjXPPGDlV4Bl7nbMhR3h3P7tC1JJCmrDGcPGe6r2-U4DyvY,0,,2023-10-17 18:22:40,,,,5,Not work the next step id,,Account and Identification Issues,Neutral,No significant influential words
8abaf376-7ae1-45b3-a6cb-6538e776f074,Zeru Wal,https://play-lh.googleusercontent.com/a/ACg8ocKePJixUtHBvdkzguQ0_07hopuVnIkqiFNkXPZE1FrR=mo,1,,2023-10-17 17:06:20,,,,5,This app very good app I give five star,good,Operational Challenges within the App,Positive,"Influential words: very, good"
e912edaf-4aa1-4eda-bbf2-ca48c614a842,Hub Mumtaz,https://play-lh.googleusercontent.com/a/ACg8ocJB00LouZpRkE2BOf0nWFl0UN-GPVeYUSxTBt_a_mwR=mo,0,23.09.23,2023-10-13 07:53:36,,,23.09.23,5,Best BoA,best,Positive Feedback,Positive,Influential words: Best
fc3d2a29-dc75-40b2-809b-7a0ba8916e68,Muluken Birhanu,https://play-lh.googleusercontent.com/a-/ALV-UjWHzv04V5dknb6Z8_M0RFNzOe5BB4_Ewuu_tkjtsTV9qQ,8,23.09.23,2023-10-13 07:28:11,,,23.09.23,1,"The mobile application is not convenient. After taking a photo, it does not proceed to the next step. I think it should be fixed",,App Performance and Usability,Neutral,Influential words: fixed
9f06c7fc-634a-42bc-aa94-6d34c2369894,Astarekegn Gebeyehu,https://play-lh.googleusercontent.com/a-/ALV-UjVS1WRJ8fcph33FGmiyECBqtCPXmfiAn5V-K1B-_LVhyTs,1,23.08.03,2023-10-12 19:51:30,,,23.08.03,5,Great,great,App Performance and Usability,Positive,Influential words: Great
d2222236-3f56-401a-9505-ce9f5bcb5edc,yonatan ayalew,https://play-lh.googleusercontent.com/a-/ALV-UjWzMbrzGpiu3ro-_SKYdRiVF1vXLR--YY81Jz02_xS5nWw,222,23.09.23,2023-10-12 08:27:46,,,23.09.23,3,"I like the app. I enjoy the service ( transfers, deposit, branch & ATM locations, login process no time wasted on passwords, specially the loan services). The negative side of the apps are, Bulk information, navigation through the interface, and sometimes it takes too much time to load and also it gets stuck on commands. Overl all great start appreciate the innovation.","great, like",App Performance and Usability,Positive,"Influential words: enjoy, wasted, specially, negative, much, great"
5d60ffd6-4b99-4341-92ae-0afcc7a93586,Dagimwi x Semu king,https://play-lh.googleusercontent.com/a-/ALV-UjVhe2vpl1m26JmpMNvpiJdYCE92CZBPl9DQXnwxzAWj9g,1,23.08.03,2023-10-11 12:33:45,,,23.08.03,5,It's nice .. Abyssinia is num.1,,Functional Issues and User Experience,Positive,Influential words: nice
e897459c-140a-4b52-8bbc-adcaab7e2aef,Engidashet Wendwosen,https://play-lh.googleusercontent.com/a/ACg8ocK05pLXwhsdVFhWKcYCWHHlv8577dLn-EYROcX7pY6y=mo,0,,2023-10-11 09:59:19,,,,5,Best,best,Positive Feedback,Positive,Influential words: Best
0d5d7ae7-634c-4ba9-ab9a-cdb74ab4648e,Ashenafi Dagne,https://play-lh.googleusercontent.com/a-/ALV-UjV_kBHKreebtSjosdF2nGrcFpydWZZIw6t6wdY3kiw2hQ,0,,2023-10-10 19:08:01,,,,1,Amezing apollo,,Positive Feedback,Neutral,No significant influential words
cb3626c2-5f52-4fb6-a6ef-618bc5e1eed0,behailu besha,https://play-lh.googleusercontent.com/a/ACg8ocL9j1gSzpGMDRfH0GIkGNt69wcKSfZiU5kystWQiQ1m=mo,0,23.09.23,2023-10-10 08:00:59,,,23.09.23,5,Nice app,,Operational Challenges within the App,Positive,Influential words: Nice
e97a1c48-dc08-446b-95ac-40625f3cd0e3,Bilal Kemal,https://play-lh.googleusercontent.com/a-/ALV-UjWrqYskxUDYiOd2SZLbLaCgWPBTXp94fqKbmApaerG4yA,0,23.09.23,2023-10-10 03:19:18,,,23.09.23,5,good,good,Positive Feedback,Positive,Influential words: good
68d16a53-83ca-493e-ad36-fc80adbf85d9,Biruh Aimero,https://play-lh.googleusercontent.com/a/ACg8ocI_8gdcPUYGuIoNgO8pIK3SDFIYC7eLRRwdcseAZjfO=mo,0,23.08.03,2023-10-09 17:25:06,,,23.08.03,3,I like,like,Operational Challenges within the App,Neutral,No significant influential words
4c8dfb13-263f-424f-96e0-ab836bf81b23,Yonatan Hailu,https://play-lh.googleusercontent.com/a-/ALV-UjXxeNbBZV6LcpNSc5Bc6WLnlrGqkKyRa2BT0YJLVxlcouk,0,,2023-10-09 17:02:20,,,,5,It's Good,good,Positive Feedback,Positive,Influential words: Good
680d051f-977c-471b-abd3-61d67f678ef7,Dan Dan,https://play-lh.googleusercontent.com/a/ACg8ocJJeIHlgsx_XLSb4hmfSmTw3YBlj0ILC1etxGp2cSdpSQ=mo,0,,2023-10-09 10:44:00,,,,4,My negative experience is that loging with a sim card in another phone it is very difficult so please make it to work as much as possible you can.,experience,Functional Issues and User Experience,Negative,"Influential words: negative, very, difficult, much"
