review_id,username,user_image,likes,review_created_version,created_at,reply_content,replied_at,app_version,score,comments,keywords,lda_category,sentiment,insight
738b6d3a-2d7f-4a82-bfe2-dcf32591f944,NAHOM NIGUSSIE,https://play-lh.googleusercontent.com/a-/ALV-UjUpZu7wO5rtCPblZs4h2xzf6G7vVSfqUBEbdgWj1mPSFEXdvJg,1,,2024-05-21 18:38:28,,,,2,Slow and buggy crashed all the time need a lot of update,,,,
e20abe49-8fe7-42fe-af3a-91399875b21a,Abbatu Ermias,https://play-lh.googleusercontent.com/a/ACg8ocL04JUf8nYpJ_s9pOW5IFIy2eimHOCvjezBhSOJk67d4rjgaQ=mo,0,24.04.23,2024-05-21 05:06:05,,,24.04.23,5,Awe ·àÉ·à®·çç nawe,,,,
55c833c8-a942-47bb-aaaa-e022f39e28af,Habtsh Darge,https://play-lh.googleusercontent.com/a/ACg8ocJXfM7m1l1UODfWTfj2typb4n3HhR_hKfhOv61FmJa-9tMYAw=mo,0,,2024-05-20 08:07:49,,,,1,·â†·å£·àù ·âÄ·çã·çä ·ä†·çï ·äê·ãç ·ç¢ ·à∞·à≠·â∂ ·ä†·ã´·ãç·âÖ·àù ·ç¢ ·â†·å£·àù ·â•·ãô ·âΩ·åç·à≠ ·ä†·àà·â†·âµ ·ä®·ä†·â¢·à≤·äí·ã´ ·â£·äï·ä≠ ·ã®·àõ·ã≠·å†·â†·âÖ ·ä†·çï ·àà·àù·äï ·ã∞·àÖ·äì ·ã≤·â®·àé·äò·à≠ ·âÄ·å•·à´·âΩ·àÅ ·ä†·çï·àä·ä¨·àΩ·äë·äï ·ä†·â≥·à∞·à©·âµ·àù ?,,,,
d62d6d95-2900-4038-aa26-c9b42835c971,Usman,https://play-lh.googleusercontent.com/a/ACg8ocJtoebqZln9aOe7jMq6S8Ng_YHqH-t9Z__1NgZDxvIlR755hw=mo,0,,2024-05-19 16:27:13,,,,1,This application is very bad . Please modify this just like cbe birri app,,,,
20c4de51-f5cd-41f3-b21a-efdf8cb4463e,Eskender Million,https://play-lh.googleusercontent.com/a-/ALV-UjUvW8yHYIlLjJSRRMMbXk1hPFbmmgGXupikLNrelDYDa5YVqtTZ,1,24.04.23,2024-05-17 20:37:40,,,24.04.23,1,"It has a very complex, inconvenient to use, and at most heavy step, I don't understand why it is supposed to be like that. All in all, I couldn't use it for anything other than wasting time. As a banker, it's hard for me to think about what other customers are going through. I reilly disappointing.",,,,
f7b29ba8-e90e-4dd6-bf6e-f1480b119456,Leta Teshome,https://play-lh.googleusercontent.com/a-/ALV-UjUuAZ_4uI6uADtpcdpw20tQFVZUuta1J4glsasF1B5h4IGVQ58G,2,24.04.23,2024-05-17 00:40:28,,,24.04.23,1,"Never try Apollo. To be honest, this app will let you down. Picture yourself dining out and using this app to pay for your meal, only to discover that Apollo is unable to process your payment, leaving you feeling bewildered. I strongly recommend exploring other options and refraining from using Apollo, especially considering the app has been malfunctioning for over a week.",,,,
250c64b7-029e-44d7-a9b2-7ce655198af7,adonias addis,https://play-lh.googleusercontent.com/a-/ALV-UjW72Kxk2JehS6SR9xfj_Q_b3zXq5D7ZogFOHmBsOLEA85kW1pUWzg,0,24.04.23,2024-05-16 20:36:19,,,24.04.23,5,I like,,,,
a3826cda-d42f-4d43-826c-6a5a36d4b6a5,Elias Sabu,https://play-lh.googleusercontent.com/a/ACg8ocKo6LPqqQ9YWA7k6sS6KH0dT1jkzo_odWbq60PpX0HhnptfHA=mo,0,,2024-05-16 16:57:08,,,,1,·â•·ãµ·à≠ ·ä®·àò·àà·àµ·äï ·â°·àÉ·àã ·ãµ·åã·àö ·ä†·ã≠·à∞·å•·àù ·ä®·âª·àã·âΩ·àÅ ·ä†·àµ·â∞·ä´·ä≠·àâ,,,,
fc32f69e-fc81-4697-a29e-5d45c57fe945,Lama Yig,https://play-lh.googleusercontent.com/a/ACg8ocI1PHIbkxDTu2uZmTG071KxrhBvXlw_algkZVfS-MGt3hJiFg=mo,0,23.08.03,2024-05-16 07:32:51,,,23.08.03,1,This not more intractive and fast,,,,
8ecd7bf6-d5f9-4e46-b923-5121180bc676,dagim zewdu,https://play-lh.googleusercontent.com/a/ACg8ocJjSQIrdwF6C0TfBWS_EPReaoCpKSOGypQo1pkpzwuj7Yl4Pw=mo,1,24.04.23,2024-05-16 04:45:52,,,24.04.23,1,Disappointing experience Recently the app is not working. I couldn't manage my urgent payments. I can't access the mony I have. It's such a shame for the vendor of the app.,,,,
3443a48a-a53e-4e93-be4e-5638a1f03b11,Minilik Afework,https://play-lh.googleusercontent.com/a-/ALV-UjUq4kYTrZNf14_TIL1dWBjFyejCjTCfeQxz8Nw5XojriB7wyy5B,9,24.04.23,2024-05-15 17:55:37,,,24.04.23,1,"Frustrating experience. Crashes frequently, ask to enable internet connection despite having a good internet speed, unresponsive most of the times takes too long to process every action. You simply can't rely on it.",,,,
c74a39f4-5e45-4d00-a324-d7a0a96c5a1b,Leta Tadese,https://play-lh.googleusercontent.com/a/ACg8ocJhw5c9h6OYPIa4o43Hsb2kqk5w_qfblsJRVp6UfdH3q_uX9w=mo,0,,2024-05-15 17:35:45,,,,5,Apollo is best üëå,,,,
23eae992-e286-4cd3-8bc8-73f5580d6ad0,Desalegn Sisay,https://play-lh.googleusercontent.com/a-/ALV-UjXu9sewbefbktv1QnxjrknYS0CuGPu_mnu-wIaixPZFmhqej_k,1,24.04.23,2024-05-15 16:25:53,,,24.04.23,1,Not worked its not good,,,,
a04ce52d-2eea-46af-95c1-80a5868fec4a,Hassen Seleman kindye,https://play-lh.googleusercontent.com/a-/ALV-UjWUJvPDPtGs8NHeZw45yyeRUOJ6AfBZ3-SYkhTTEGUGHYK4-Cq_,0,,2024-05-15 13:47:49,,,,5,Very good app,,,,
2f792ee1-4070-4aaf-8c8a-ec4b5d87e8ef,Dargie Syoum,https://play-lh.googleusercontent.com/a-/ALV-UjXftty-DN-lT_0QU7JTsDajx1mtFvG9gNXimYGJUxhvfVpLO14K,1,24.04.23,2024-05-15 13:18:12,,,24.04.23,1,"Totally not good at all. This app doesn't represent Abysinia's bank reputation and customer service. It's too slow, frustrating compared to CBE mobile banking apps. Need more more improvement. Size of the app should be compressed too in more than half. ~~~20 mb",,,,
1a501c27-19a2-4857-98cb-c0e42e8e068a,tinbite solomon,https://play-lh.googleusercontent.com/a/ACg8ocKn32230dBQOS9dbqCRYufBRUSIapg9ujhE2rXkZ_6UlN5FYQ=mo,1,24.04.23,2024-05-15 07:42:40,,,24.04.23,2,"I downloaded the app to test it, and i like the interface and all, but i couldn't pass the otp stage, i entered the otp sent to my sms, but when i verified, it says entered otp is wrong. Please fix that.",,,,
6775944a-1cd2-401c-b602-fcf071f7d480,Atinkut Worku,https://play-lh.googleusercontent.com/a/ACg8ocIVFUZekPxer8UiTGajsNB4wI2Bgy3mvnWZPqB2xGPvbWS-IA=mo,1,,2024-05-15 01:11:05,,,,4,Good,,,,
a809e404-f7e9-4d96-978b-40cb5e881765,Tsegab Karta,https://play-lh.googleusercontent.com/a/ACg8ocLD55dnecQMUjRQId3iBAKRGaGrciI1hZC21wuwJIjvN_601Q=mo,1,24.04.23,2024-05-15 00:59:43,,,24.04.23,1,"It already been one month since this trush application starts crushing and stop working properly, what's wrong with them.",,,,
8a282ede-a025-46a1-a35b-87f77d3a5901,Firo Abdii,https://play-lh.googleusercontent.com/a-/ALV-UjUBuODC-WVBIFkI3oEQODeZh5gy9TCj6X8J-GykzeDbjAh6ULg,0,24.03.04,2024-05-14 18:16:25,,,24.03.04,5,Thank you,,,,
cab4d0bc-92af-49b3-81d2-bebbb901c005,habtom lamesginew,https://play-lh.googleusercontent.com/a-/ALV-UjUD6wQFmjgaMzSwtnVFcziAuesrGgjsViZHHRw4GAcnl0J4mNXb,1,24.04.23,2024-05-14 00:05:58,,,24.04.23,4,·å•·à© ·äê·ãâ,,,,
8c53cb17-ba9a-4604-9d46-19993664a5d3,esmiiz 12,https://play-lh.googleusercontent.com/a/ACg8ocLWz5a-vWYknFa8S9Qts6DgLKsxW2g5XSRKFMtVbTFYpJ9k=mo,0,,2024-05-12 13:30:35,,,,1,So slow app I don't recommend nobody to use its take too much fee,,,,
771ccc21-09d5-4f75-8624-7fab9f7c6aba,Zemete,https://play-lh.googleusercontent.com/a-/ALV-UjVxLfEwKWwWACv7ugNDhJBaXhDhjlwIlzVNUbttM6Ux_BpDKy4N,5,24.04.23,2024-05-12 13:11:23,,,24.04.23,1,The worst banking app i have ever experienced. Too much advertising for a rubbish app. it doesn't work on weekends most of the time. Call center doesn't work. Useless as its Abyssinia bank,,,,
ce832e2f-e4ba-49b3-988f-11d39ada8080,Digafe Alemu,https://play-lh.googleusercontent.com/a-/ALV-UjVk1Gvb-ImZSFq2VfPq3xl1xwvfhLejk2v0nG-6bHXqhgocxVMZ,1,24.03.04,2024-05-11 20:02:02,,,24.03.04,4,Good to use.,,,,
39893b39-7e20-4116-a1c8-a28985be8ea6,Henok Asrat,https://play-lh.googleusercontent.com/a/ACg8ocKsRyUKSt-3yA6Uycv7MyJwoXXY4NULs1-VAeJ0TVyeid9UaA=mo,0,,2024-05-10 18:56:42,,,,4,Good,,,,
121503a1-8356-4e15-86cf-7d6877507b46,eyob berza,https://play-lh.googleusercontent.com/a-/ALV-UjXuwpx-rHHveKjA2ZpAO8YG20S9dFDfPMXFaOvQOTwfP9w38X33,0,24.04.23,2024-05-09 17:15:22,,,24.04.23,2,The worst app,,,,
54117634-2cbb-45b2-a017-b6dac4d6147c,Solomon Alie,https://play-lh.googleusercontent.com/a/ACg8ocIdxEggnrdo0H37uh1V7viPbgUWbU-bh-yAIgY16Wzmk6MWTA=mo,0,,2024-05-09 09:42:00,,,,5,Good,,,,
37729110-67fc-4098-84cd-7c98de7010b8,Samuel Desalegn,https://play-lh.googleusercontent.com/a/ACg8ocIAvaCgobIEBdQBWFi8WkN4oXQFZFg_QE4XWwkMfDRcCgk-yQ=mo,0,,2024-05-08 14:15:49,,,,4,Very good app,,,,
362361bd-829e-4941-997d-3a263fcd204e,AT11,https://play-lh.googleusercontent.com/a/ACg8ocI0I1ppr4_rvIXA2zMxG6vnC3Nja0QDqiIvjNVu_k2IpZo8PQ=mo,2,24.04.23,2024-05-07 19:19:04,,,24.04.23,1,It does not work,,,,
1820af40-c9d1-4086-8c88-30f94bcc7be8,lumionTech TedyB,https://play-lh.googleusercontent.com/a-/ALV-UjWBv1S1qj9ShC7gussRURdDj2JqkCcOvGmvdOXd4_macLW62Poa,0,,2024-05-07 14:34:43,,,,5,ü§ù,,,,
ee3e581c-468b-43ef-8880-13ff94ff4b9b,Kadiir Alamuu,https://play-lh.googleusercontent.com/a-/ALV-UjVUlJ2NY7Wvo0V1UqcOA8meDhw2dAETQzSe04WYm6WXl6is1v8,3,,2024-05-06 00:53:18,,,,5,Best app,,,,
c67e9375-39cb-4031-8baa-f31b9e704f2d,Abel Ayalew,https://play-lh.googleusercontent.com/a-/ALV-UjXARGuTS2c6cWYKAbPfBe5tmWNkuzwfe1gHM74LTPTOAKLv56Q,1,24.04.23,2024-05-05 19:34:59,,,24.04.23,5,·àù·à≠·å• ·ä†·çï ·äê·ãç ·àû·ä≠·à©·âµ ·ä•·äì ·å•·âÖ·àô·äï ·â≥·ã´·àã·âπ,,,,
829a6024-8c66-4671-a3e4-e576196665f0,Dr Yared Denekew,https://play-lh.googleusercontent.com/a-/ALV-UjUDAH1hXrj4oMs6muNlugIT0V0EggDZxc2FNwHIPDNlWmutHNYs,0,24.04.23,2024-05-05 14:23:59,,,24.04.23,5,Excellent,,,,
fbfa84af-6f42-479e-8537-fc0be5b96692,Bereket Tena,https://play-lh.googleusercontent.com/a-/ALV-UjWbzD5wtTiMRz9jFNbKoqIMgu3XPE7Zwowe4b7R15yxdMirdzpl,4,24.04.23,2024-05-04 17:30:30,,,24.04.23,4,Excellent app! And Easiest to use.,,,,
747a3a54-a35a-49c6-a336-3015603ceae7,Tigist,https://play-lh.googleusercontent.com/a/ACg8ocItq3fyQPq7h3Ub8BC-UBB339zd_c2KHfGv0HEGUr-OT8MA4A=mo,0,24.04.23,2024-05-02 20:53:49,,,24.04.23,5,Nice app,,,,
9f73b8e4-db1b-4ccb-9648-fc28edda4314,Abdilrazak Edires,https://play-lh.googleusercontent.com/a/ACg8ocItmQ0IyyU85tPbKGjgvCXeF6U_Bs8UD2w3CfIxeGc4-aMjBQ=mo,0,24.04.23,2024-05-02 18:58:27,,,24.04.23,2,Best apq,,,,
a7dd485c-3b5d-402a-aea5-431452d49d82,Matthias Tamrat,https://play-lh.googleusercontent.com/a-/ALV-UjVYzNTz8qKOAD5Mzh27FQlCrAqsgfyTUC0JY4p-PTuz11uUoC7p,1,24.04.23,2024-05-02 17:39:03,,,24.04.23,1,"Another useless app from boa, this app also crashed repeatedly.",,,,
da76cec9-4f56-4828-b004-05404b128373,Wendesen,https://play-lh.googleusercontent.com/a-/ALV-UjVzeZVPbZApgaFKO4QmuYXFYBPPn244RBEUzsTsJM9d_kntLIAl,0,,2024-05-02 07:26:08,,,,1,Useless app. It deserves 0,,,,
8140a590-68f4-46a5-9e03-8860ab8697df,Tariku Furgassa,https://play-lh.googleusercontent.com/a/ACg8ocLGE8YcdrmbXnZZe8PmEk5ON6DLfsCvGBLEWINzalU4Jcj5r3Y=mo,1,,2024-05-01 22:39:02,,,,1,Not downloaded. After started download and 31% completed. Stop download and send error message for many times.,,,,
2e54c62d-0ff6-4f99-89a4-f632a554d59f,Endaweke tade,https://play-lh.googleusercontent.com/a/ACg8ocI1ge0fi2_O3YOxxW_BpiLuxHu-_h_ktJKw34n9ZXQeSQeD1g=mo,0,,2024-05-01 19:51:10,,,,4,Iiyu,,,,
ee875aca-a233-43de-97e7-fa93fd25789d,Munir aman Abdii,https://play-lh.googleusercontent.com/a/ACg8ocKPto2-DGfl_McVacqSwrWr0nl4Dq7O1YsDz-cg2zH0SR0xVQ=mo,0,,2024-04-30 20:38:22,,,,1,Hatuu dha Apollo,,,,
022dc3fd-516c-4169-8c83-bce1d00d1b5d,Yohannes Tadese,https://play-lh.googleusercontent.com/a/ACg8ocI0TwGzZr_LbxliGDcRWz6JKNcqpmYyHpf6eTqBALFMu6JdIpI=mo,1,24.04.23,2024-04-30 09:12:24,,,24.04.23,1,The Worst app i ever downloaded.,,,,
2eb1aa70-7817-4a44-9963-f16f67836176,Abel Seyfu,https://play-lh.googleusercontent.com/a-/ALV-UjX5nL9IruQKuGcroZDISQl8AkHYQxFogEU9XE14rNd8blCb3IMs,1,,2024-04-29 14:30:43,,,,5,This app is very nice. keep it up üí™,,,,
1027ac5c-7027-452a-abe9-9d4f89b3a4ff,Abinet Degife,https://play-lh.googleusercontent.com/a/ACg8ocJ5muixsNzHMNkzP11DKLJ-5r0PZxmgvfhwOLJs-9tMRtwbhg=mo,1,24.03.04,2024-04-29 09:02:03,,,24.03.04,5,Nice app for Ethiopian,,,,
5817d4d1-1a0c-46df-baf8-871cc40e41d2,Firaol Boru,https://play-lh.googleusercontent.com/a-/ALV-UjX_5Ze6VneAN2l1fUwqp-VQ3f8v4wTN-601bjYw0pLxnFXmtKDF,0,24.03.04,2024-04-28 23:04:45,,,24.03.04,2,Good,,,,
ef69ee89-3745-4a9e-82b7-b47a0980e9e9,teshe bekele,https://play-lh.googleusercontent.com/a-/ALV-UjXtT6MrPNKC0n8oCXEWwkjuJuygmXYJ0XjWZTaDPyHagkns6-o,1,24.02.14,2024-04-28 22:23:15,,,24.02.14,4,Not fast but good up and big secure system,,,,
d02eb18e-f187-49e8-85e4-b909917191f5,Abel Tadele,https://play-lh.googleusercontent.com/a/ACg8ocLmkhTwNxw9TGuC17s3Q6oyg9m1J19anRwPlr_7twSm3uby5g=mo,1,24.04.23,2024-04-28 20:52:47,,,24.04.23,1,"For give me, this app does not work perfectly",,,,
b10df188-8503-4627-bd49-19effcf6d289,Tewodros Wolde,https://play-lh.googleusercontent.com/a-/ALV-UjVG3Gq4mosSJ0vKeNTwV0v0OKioMkRrI63oHSLqg7e87iVGH2k,2,24.03.04,2024-04-28 20:48:24,,,24.03.04,5,its good app,,,,
2cca5354-a418-4f33-8775-5e3297c7ee19,suleman talegegn,https://play-lh.googleusercontent.com/a-/ALV-UjUiDXCMy_70JoLJEVjTyyUlxAnjGg-aASQGhKttxdTVIIMm2O6W,1,24.03.04,2024-04-28 20:39:57,,,24.03.04,5,Ok,,,,
3f788aa6-a2fe-41c0-a9fc-ef60c341556f,Fasika Mekbib (X21E),https://play-lh.googleusercontent.com/a-/ALV-UjUTaEcnMEy1Wa2mlnIxlRKo7138Dt_cCs8v4iMBTs_jhFq5qBGM,2,24.04.23,2024-04-28 20:04:58,,,24.04.23,1,"This Platform is need Re Development üòî even I try to type my OTP but Its not working for me, It's Very Bad Application for Payment system",,,,
bcba2128-069d-4cbd-ae39-28d6b54382da,Tarekegn Tare,https://play-lh.googleusercontent.com/a/ACg8ocLBAHrg1oD9nLA2jUncWEKRlz8RDEuwmBs9o9-3wwDFF55ySA=mo,1,24.03.04,2024-04-28 16:58:17,,,24.03.04,2,Our system is not work,,,,
c39ef87d-e442-4f7f-a960-9f9abc072611,Abirham Agent,https://play-lh.googleusercontent.com/a/ACg8ocLlMNlTAIq0aSWsktR35BRsghd_G_X5lNIH3RSbuKVXbmgj5w=mo,1,24.03.04,2024-04-28 13:37:25,,,24.03.04,5,best,,,,
a8ee8ee6-d73f-4144-ad45-fb25582a8b25,AB Entertainment,https://play-lh.googleusercontent.com/a-/ALV-UjUhWHt4-ygZU13tU6Xll2vYtqCSlfLO4k84dZQm0y3jp9XjnYw3,17,24.04.23,2024-04-28 13:02:24,,,24.04.23,1,More failure after update. have multiple connection problem issues. To make one request i'm try more then 4 or 5 times pre every process. Works not more than 8 hour in a day 24 hour.,,,,
b682e2db-a533-40e2-8a2a-951c1e7cb84d,Emgu2 Cha1,https://play-lh.googleusercontent.com/a-/ALV-UjWYs1VBd0aci6d-4Fug4aP8QwEzLxkn3vxxSvmdv9xkpE4ikgCh,1,,2024-04-28 12:36:25,,,,5,Nice app,,,,
6e540a39-b5f3-44a6-856a-e4f8f0f226af,Abey Mulatu,https://play-lh.googleusercontent.com/a/ACg8ocJw9pFoaXrw9Bp1AFW0IVAluJ7I_JrQHpqLxmDbtuBfUKk-mA=mo,1,24.03.04,2024-04-28 07:09:27,,,24.03.04,1,It is not good slow app,,,,
be0151f5-b66b-4700-bcd8-d659fd821c44,Samuel Ayana,https://play-lh.googleusercontent.com/a-/ALV-UjXRHxKdBx7Zr3pnnCWioLkATn9gUv7jOYxVsq2TEVhVE_X-4Bs,1,24.03.04,2024-04-27 23:30:46,,,24.03.04,5,Good,,,,
6a5b273b-d9d2-47f4-b992-df36fec86cbb,Hawi Adicho,https://play-lh.googleusercontent.com/a-/ALV-UjWYFGM6USy7ao2J65ZXYfqErbqeEHvEQDiGT4KxnoAUmTVu2Sw,2,23.12.09,2024-04-27 20:50:35,,,23.12.09,2,"Nn ,n An, NNE.",,,,
fe39ceca-ea96-473c-bfea-1a3c896dff36,Luh Kel,https://play-lh.googleusercontent.com/a/ACg8ocKhSpDSlpqlOQkmLk4kQl1QifVKpC7KJSxlmPnSc0zzlc3BCQ=mo,0,,2024-04-27 19:57:21,,,,1,I't is not working lol,,,,
318513af-9b29-43c1-990d-fc4a678802f3,Phoenix Virgo,https://play-lh.googleusercontent.com/a-/ALV-UjVSEjYhwqiaEC94qmiLUYwiiqDGk8svzRPXNYkyMx4DKsUcaZCw,2,24.03.04,2024-04-27 19:33:54,,,24.03.04,2,It is not fast when sending mony,,,,
97088da4-b2b2-41d5-aed3-d5779224dd2c,Gadisa Worku,https://play-lh.googleusercontent.com/a-/ALV-UjWIey4nHw9IVIT6L-cUTO_qnba38Tfjisej-x1idbReVMoHdT_k,3,,2024-04-27 18:52:17,,,,5,wow best,,,,
acc4256d-ac62-4abd-908e-ebea3ace060a,Temesgen Yekoye,https://play-lh.googleusercontent.com/a/ACg8ocIHTRxO-r5s4bbZtNzX73tKzRdEYo7PZVQx9Px_FN54E66n2w=mo,1,24.04.23,2024-04-27 14:01:45,,,24.04.23,1,Nice,,,,
45a55117-6322-4d59-b931-415173ccd8c1,Ahadu tech,https://play-lh.googleusercontent.com/a-/ALV-UjWOhd6tDkB5D0Ws9KjbNiDZMM0fSVJ0ykgIWeFwpaPTgsqmNCU,4,24.03.04,2024-04-27 13:02:45,,,24.03.04,2,It doesn't look like banking app it's unresponsive worest banking app in the world,,,,
182ff188-5ec0-4a02-9423-752573aa862e,Liul Bekalu,https://play-lh.googleusercontent.com/a/ACg8ocKFERErAp4bECuMfUtzfj5F5vHikfcRX5LiPVmfERUqh6rwTg=mo,1,24.04.23,2024-04-27 12:20:02,,,24.04.23,2,Hard to access pls modify it,,,,
4295a88b-b1fb-4a30-b1c8-e4b4c505c9ea,Betsegaw Daniel,https://play-lh.googleusercontent.com/a-/ALV-UjUfc4Ry5-2vIu7OsO3ZIHpLF7hyido-Kct_DFHO5yBp1AyCNFE,0,24.03.04,2024-04-27 10:47:47,,,24.03.04,1,·ã®·â∞·àò·â≥ app new,,,,
90078873-2750-4192-8314-7b85a6873595,Israel Adane,https://play-lh.googleusercontent.com/a/ACg8ocJwUHq0xROIYP4NYpwuFbW9zbZAGHwZCicA7MbIBi8NAzeQ8A=mo,1,24.02.14,2024-04-27 03:48:55,,,24.02.14,5,üëç,,,,
cf9093f2-8cde-4168-89ea-bc2a2c147a8b,Aschalew Zawde,https://play-lh.googleusercontent.com/a/ACg8ocLWW27nJNGmrcFjl0AHfkLr3facO7Cn7wd1XDXpbbGpBjg50Q=mo,1,24.03.04,2024-04-26 23:16:51,,,24.03.04,5,Wowwwwww,,,,
e31e274a-a56f-4b24-95c5-796c1f6cf19f,Umear ‚ÄúShushu‚Äù Sisay,https://play-lh.googleusercontent.com/a/ACg8ocKFQem7B1KBqm3r3Xn3by3U5JX6_te-QruIz5XVbi4Eu6zXXg=mo,3,24.03.04,2024-04-26 22:58:18,,,24.03.04,5,Very good application and easy too use,,,,
22e7481e-cfcc-443f-9e39-cc58ce1e955d,munzer ahmed,https://play-lh.googleusercontent.com/a-/ALV-UjV5WhJgILIhlRiCdcanR0RsVkE17rExf2Fq2h4mwynQfvl3Hsep,1,24.04.23,2024-04-26 22:40:53,,,24.04.23,1,This application says system error most of the time.,,,,
6591206a-6634-4912-ab3c-c52bd283b49d,Aman Awol,https://play-lh.googleusercontent.com/a/ACg8ocIymKv9CjnHaeuRkWhZSfDdsX-uHyd2dM1xbuIJTujn1klEag=mo,1,24.04.23,2024-04-26 21:51:55,,,24.04.23,1,"What a useless app, didn't expect this kind of app from BOA",,,,
5dd2743e-a3e7-4972-b52d-c556bccc1a02,Bitew Banteyirga,https://play-lh.googleusercontent.com/a-/ALV-UjVedx0eOrDL0EwuYMgaKj0VcfGoYlKuJ7WqBjINERQTTTubeFKY,1,24.03.04,2024-04-26 18:59:52,,,24.03.04,5,Fantastic app in history Ethiopia,,,,
b90ea441-ca3d-4150-b2d0-50841186b274,Alemigizaw Esayas,https://play-lh.googleusercontent.com/a-/ALV-UjXrpxg1LC6O5EeQEeepxY1ixrbGDkDD-H8E4T8pLA6BhjdvMipt,26,24.03.04,2024-04-26 16:11:23,,,24.03.04,5,What an app what a service it is user friendly and so easy,,,,
af0d43ef-f4a5-4f20-8506-d7506e7be31f,anteneh admasu,https://play-lh.googleusercontent.com/a-/ALV-UjVeMNYjjLoeXbAzF6sTh2q9WXdMQE2_QKWzrgSLcWO3ZipADBU,2,24.04.23,2024-04-26 15:53:36,,,24.04.23,1,The new update üòî It's crash every time I open (samsung A series),,,,
8894f912-aa77-4ab9-bcc8-686aaecbb44c,Dumesa Tefera,https://play-lh.googleusercontent.com/a/ACg8ocLOOjh9sTHiaZWKxPruFhVr9Rya9WIGQvtzNm5zU4nh0XgOIg=mo,30,24.03.04,2024-04-26 15:35:08,,,24.03.04,5,To difficult to use it have too long step and not easy.,,,,
51965878-caac-473c-bc85-7c760b058f59,Explore Ethiopia,https://play-lh.googleusercontent.com/a-/ALV-UjXO_6X7Q-QKE_eSANdAsW-2RxpzxQZMDR_v8Px_uuRNbA3MQycvfA,64,24.03.04,2024-04-26 14:28:08,,,24.03.04,1,"I have never seen an app like these. It is slow and doesn't respond quickly.It always says "" see device connectivity "" "" which is annoying.If there is a rating called 0 then I will give it 0. Please learn from other competitive apps like telebirr that is fast and easy to use.",,,,
7c6b6447-e777-49e5-976f-bbd2e634290d,Henok Wondwossen,https://play-lh.googleusercontent.com/a-/ALV-UjUZNoiJqinp1YfnBTQb8-HaCLVthUdST3eAf0vu8koQOYJpF_fX,3,24.04.23,2024-04-26 12:39:53,,,24.04.23,2,Best service and ideas but poor application...develop a better app,,,,
b126c536-fb04-4478-afce-468611a0f0b2,Henok Henokab,https://play-lh.googleusercontent.com/a/ACg8ocJI3aci8svF_KF6ZXG3eKAJ-6-cK0zk5eUbw-NVyrnXRQTgZQ=mo,0,24.03.04,2024-04-26 04:04:09,,,24.03.04,5,Nice,,,,
abfd70cd-28fc-4ad9-9851-b3a33fdacf9d,Ermias Tesfaye,https://play-lh.googleusercontent.com/a-/ALV-UjUBHl_93lSIqOOkqxMHlMBFWb6mdx0ZRYWKGICAkDgls0CMyo1q,0,,2024-04-25 20:51:18,,,,1,Useless apps,,,,
ebd421d3-1857-46a0-9a0c-7bf25a64a70e,Nasradin Ahmed,https://play-lh.googleusercontent.com/a-/ALV-UjV3-amGqbfF7DrfDRGHLDNPKA3TXljbyTIr98Wz6eBUBvoox-lU,16,24.04.23,2024-04-25 17:54:38,,,24.04.23,1,Frequently crash. You can't even log in. It says device connection problem with even strong Internet connection.,,,,
64a2c9de-f4c4-4260-a4b4-f1000130b3c9,Addis Kassahun,https://play-lh.googleusercontent.com/a-/ALV-UjV07_QyzttSI4bewFdQctWFnHi9c-uq94iyPLaf7-FXKGzdwPE,1,24.03.04,2024-04-25 08:10:24,,,24.03.04,5,its to be called wonderful,,,,
7b1ddf26-0977-4ada-b402-737365e659b1,Fast Fast,https://play-lh.googleusercontent.com/a-/ALV-UjUBOoCpqe6ekKMbX_FUAO8PuxInBmhjGUQat9DomMbk5A7aPoA,2,24.03.04,2024-04-25 00:30:18,,,24.03.04,3,Wonderful app,,,,
48eae21a-d134-4cd1-8324-8bf1ede672ba,Abduraman Munir,https://play-lh.googleusercontent.com/a/ACg8ocLmXABleZ7KQnkigWdwCeXd2aaZsX84JgmjQIVPUArPbmOzeQ=mo,1,24.03.04,2024-04-24 23:01:41,,,24.03.04,4,Great app I love it,,,,
dadac710-982a-4fd6-9208-10c073da0477,Kiyar Husen,https://play-lh.googleusercontent.com/a/ACg8ocJfVH0b0DDal7BU-jL3RGqYfIu5oIYIdT54l8WFWJX3FQdC3g=mo,0,24.03.04,2024-04-24 22:04:54,,,24.03.04,1,·àò·åÄ·àò·à™·ã´ ·ã∞·àÖ·äì ·äê·â†·à® ·ä†·àÅ·äï ·åç·äï ·à≤·àµ·â∞·àù ·ä†·à≠·åé ·ä•·ã®·ãò·à®·çâ·äï ·äê·ãç ·â•·à≠ ·ãà·ã∞ ·ä†·çñ·àé ·åà·â£ ·àõ·àà·âµ ·àõ·ãç·å£·â± ·àò·ä®·à®,,,,
0d8b10f7-5a02-448f-a08f-330c6db9a5a5,Hiwot Fisseha,https://play-lh.googleusercontent.com/a/ACg8ocKktmB7fMbkihkXeSb0OqPjPiMzBaRt0CeXPZAc9DjaVaq2Aw=mo,1,,2024-04-24 18:39:50,,,,4,"In our country technological situation, Probably better than other bank's app.",,,,
2fda245d-9ad3-4e66-9290-8a8a60c635c6,Bedru Nuri,https://play-lh.googleusercontent.com/a-/ALV-UjXR3bEDll4aKAQYjFTAZtm7HgJNwa0hE7UNAaxRzsJ3Mny44PePZw,1,24.03.04,2024-04-24 18:13:50,,,24.03.04,5,Nice app,,,,
4f4dc655-5fb8-4d48-9cd0-6134946ca6eb,Degole Chacha,https://play-lh.googleusercontent.com/a-/ALV-UjV4Fe1mZeEoo7-O6Ig3Ks5o27NE9wKcKigrVpooHr78mrocmfGP,1,24.03.04,2024-04-24 17:30:57,,,24.03.04,5,‚ù§,,,,
1ee008c8-8bad-4746-8dc5-3fa7827ae345,Amare,https://play-lh.googleusercontent.com/a/ACg8ocIpLpvPr2a6Nk0OelW8nTWkO-kzNuVEDD8pRI4qC72Idd2a2Q=mo,1,24.04.23,2024-04-24 17:21:51,,,24.04.23,5,I revewd this app,,,,
a165692c-8f97-4a9a-a2e0-6f0b8d1fa79d,·âÉ·àà·ä†·â• ·ä†·àà·àô,https://play-lh.googleusercontent.com/a-/ALV-UjWNreMexFwEp7gKyIPOQ56LploDH6hE3L-RwraT1OHASwh3K8xs,12,24.04.23,2024-04-24 15:35:35,,,24.04.23,4,"Easy platform, Cheap service fee and interest rate with self onboarding financial service.",,,,
ab64048a-29a9-4150-a3b6-1d9f91410735,samuel biyazn,https://play-lh.googleusercontent.com/a/ACg8ocKRoII18TlPm9Y09OK9frWT1PoOypfV1woC8L8Rt3kNQabPCQ=mo,0,,2024-04-24 15:23:36,,,,1,-5 ‚≠ê,,,,
4c4e09c5-baab-452d-bcd5-3a8f096795b0,Ephrem (Ephi Google Map),https://play-lh.googleusercontent.com/a-/ALV-UjXTwuig_WOPF_1sIK_WfCzQCPioNojgZ3oSF36JvnkdwU8ZVHt0,0,,2024-04-24 15:17:09,,,,4,üëç good,,,,
8da6bb0c-cb5a-4b0a-aca1-325a71c7a7d1,Tedros tsegay,https://play-lh.googleusercontent.com/a/ACg8ocLNtY2QWk7OIrfRlsUOAN0QPeKqCKh7GqGDPFPPNrULOhLQDA=mo,1,24.03.04,2024-04-24 15:03:17,,,24.03.04,5,It's modern technology of users bank of abesinia,,,,
2dcc35c2-e466-4bfe-bd17-a65f32c2970e,Orase oshora Olle,https://play-lh.googleusercontent.com/a-/ALV-UjWWk0WDnv8GUwTNOjlrdAMZ_oehh6PHoqPSDqegDpif3h25-4E,1,24.04.23,2024-04-24 11:30:07,,,24.04.23,5,whay,,,,
0735ad58-4edd-4dc3-b748-3209f36498fa,Yibrah yikalo,https://play-lh.googleusercontent.com/a/ACg8ocJN5A1yvSKeDgIM0zR5TAN1UPZlnwNZztH5ZNqpsv5DqPPqAQ=mo,1,,2024-04-24 08:02:15,,,,5,lets see it and rate you letter,,,,
71c45a1b-1423-48c2-ae76-431b4390b8cf,Mame Man,https://play-lh.googleusercontent.com/a/ACg8ocKPH04N7tPuEV_lVQ9-E_dsgDE-7CoeD0fMNuGb3kmp5supvg=mo,0,23.10.24,2024-04-24 02:49:12,,,23.10.24,1,·ä†·â•·â≥·àô ·ä®·ãµ·à¨,,,,
d4fef4bd-28d4-45f5-885b-259d7d4378ed,Gemechis Ejeta H.,https://play-lh.googleusercontent.com/a/ACg8ocJlV4b3OqqTqusOwJd_2M6yUXfaTl-uT7tmyS_5wSUcIljqN2c=mo,114,24.03.04,2024-04-23 22:37:47,,,24.03.04,1,"Apollo App Developers, I'm writing to express my disappointment with the underperformance of the Apollo app. The app freezing repeatedly has prevented me from completing urgent personal and business transactions, leading others to question my loyalty and reliability. Additionally, the microloan feature denied my requests without valid reasons. I kindly request that you prioritize resolving these issues professionally. Hope to see a few improvements in the app's performance soon, as solutions.",,,,
72940b09-4cd7-43b2-a740-012361b770bc,Aklil Music,https://play-lh.googleusercontent.com/a-/ALV-UjUA7N5IXZ2W__0F-gWCP9IuEFGMciNQFZDOGIUxSUDC5qVK1gnG,0,,2024-04-23 20:00:10,,,,1,Otp maximum reached ylal bank to bank silk yhen emtanebu sewoch maryamn ke accounte lay genzeb hulu teserkobgn be mekera dewyelachew nw yemelesut ke kirnchaf salawota awtitew slezi leboch slehonu atitekemu. Ye system chgr rasu betam nw yalebachew,,,,
4049ee0c-beb4-4899-a945-9aa89e7d86f4,Alemayehu Gella,https://play-lh.googleusercontent.com/a/ACg8ocIghdn7Vh-7XjlLCX59df5qhKzfjN82maL35pf5ugV7LO5Trw=mo,4,24.03.04,2024-04-23 17:49:32,,,24.03.04,1,"it's very slow app i have ever seen, it doesn't work mostly ....don't download it.",,,,
3af94ce3-22c7-4501-9be2-7ef9e2e40dd8,Yonatan Ayalew,https://play-lh.googleusercontent.com/a/ACg8ocL5hiNvlEIRtMS9X7nHAwLrySxNimRLi1CDn1y0adNszWRBvw=mo,15,23.07.08,2024-04-23 13:23:47,,,23.07.08,3,"I do enjoy the services, Often though it's shows various errors when trying to log in.",,,,
d2310daf-145e-4b6f-be04-050259f0d93a,Samuel Belayneh Debele,https://play-lh.googleusercontent.com/a-/ALV-UjX9XdwvZGuN7YFIhvBl1cvXya909FlqpWLJNMyyyFqodVErHsLf,1,24.03.04,2024-04-23 12:48:09,,,24.03.04,5,üëçüëçüëçwow abisseniya bank thank you somuch,,,,
a3379c0e-4471-48a9-afa1-cf4928d21f91,Robel Tigistshita,https://play-lh.googleusercontent.com/a-/ALV-UjVd7Y-CcATr-ICcy_djhklU_8Rke3JwWsuYdsGVTtWzD8zBuabR,1,,2024-04-23 10:22:10,,,,1,Absolutely terrible experience! The app didn't work properly and I couldn't even finish creating an account.,,,,
ff5678b2-aa15-436f-8fd4-ce329db2ab05,Santo K. Garcia,https://play-lh.googleusercontent.com/a-/ALV-UjXsE-4NvOwYjeKhJWol5lADMflbwDIfcFdQ3mtHiTQg2gy6nZYP,1,24.03.04,2024-04-22 23:01:06,,,24.03.04,1,"Terrible app, it keeps crushing every time I open it",,,,
39aaf41a-d4ff-49dd-be5a-dd3c11df8016,hamza idris,https://play-lh.googleusercontent.com/a-/ALV-UjWjkQnkpKoQdaaHy4gtufpWX51iSZ1FXco8wZN1sOiVKJxsdG5j,1,24.03.04,2024-04-22 02:50:09,,,24.03.04,5,Keep it up,,,,
712e0588-b64a-4fb3-9e80-6fdc999ee7d2,abenezer malkamu,https://play-lh.googleusercontent.com/a-/ALV-UjWBM_YdUP4236MTgPz5bhULU0llsdIIKXkP-uzEnj_epkhQtDI,0,,2024-04-22 00:14:40,,,,4,Besies,,,,
b6a5ebe5-0be6-4e99-a3c0-6a815146d722,Yohannes Antonios,https://play-lh.googleusercontent.com/a-/ALV-UjUYuBkoZacV0tmWPp9ghHpRuN7lNN-rYXo2z1QsPTlbefczyBc,1,24.03.04,2024-04-20 22:39:26,,,24.03.04,5,Woow,,,,
735c52fc-ec6d-4281-908a-16375986049e,Samuel Tegegn,https://play-lh.googleusercontent.com/a/ACg8ocIifHjtSU4kjpykJA1drHeQKs80LElphWKGSgmeI3mRouOpPF8=mo,0,24.03.04,2024-04-20 21:34:57,,,24.03.04,1,Poor.,,,,
e9a86204-2047-43d4-aa41-88e0d201e563,Tewodros Wubete,https://play-lh.googleusercontent.com/a-/ALV-UjWBNkpe2fvHq2LLem2n1Z2fHuIGLBGOKne8x8A7c08lMAFBII0,1,,2024-04-20 20:20:39,,,,5,Good app,,,,
ec298059-7ee2-4d8a-ab9b-039ab031de2c,Nigus Dibekulu,https://play-lh.googleusercontent.com/a/ACg8ocK9jxJlRh1wqwfskvLHIEPfi7kr9gmq25L-vhHbpURLEGagkw=mo,0,,2024-04-20 09:36:25,,,,1,Can't access my money.,,,,
41b2eab6-ba55-4575-aa9c-8e32d9740580,kiki jocker,https://play-lh.googleusercontent.com/a/ACg8ocJ58_EIrd5bwgCr0c0ERJhGNKfBb9WbTC6Vo6z2bduuHNVRXQ=mo,2,24.03.04,2024-04-19 23:08:40,,,24.03.04,4,The app has bugs ..,,,,
f85f325d-6a52-47a7-a220-6c9a9ad3a35f,Hero Man,https://play-lh.googleusercontent.com/a/ACg8ocIaNF8XADrvF-T3sVxfYx9S83n3NzgyoCMcv12y2yXj5X-5Ww=mo,3,24.03.04,2024-04-19 23:03:41,,,24.03.04,1,The app isn't working. I tried many times to register but didn't happen,,,,
f574c7c4-7d1a-4d28-a541-c947392a4bba,Haimanot Seife,https://play-lh.googleusercontent.com/a/ACg8ocJUnoJjUEmaLgsXH-gnyhW3kPrvJB1ZWxRvPFks4U0nOZ93fw=mo,1,24.03.04,2024-04-19 22:51:54,,,24.03.04,5,Best app,,,,
c922cd20-8d84-4e16-b483-cbd0e6b43777,JOHN ISAAC,https://play-lh.googleusercontent.com/a-/ALV-UjVbRv_nR5s47lYmnqKqUkV6K7c7cDM0SwG_QC6b6JvJpERg2lxg,21,24.03.04,2024-04-19 19:12:34,,,24.03.04,1,Trash app waste of money guys first it would let u transfer money but it will block u to transfer out of the account by saying you are not verified i tried reaching out to them but still no reponse the biggest scammer appüëéüëéüëé,,,,
4bd670d5-6ff0-4bff-9433-556ee76b953e,Tahir Raya,https://play-lh.googleusercontent.com/a/ACg8ocI7lo_nY6rXBaJMasbC599v_fq4Jj_RY43CXrLk8CchHDRTEw=mo,1,24.02.14,2024-04-19 17:56:59,,,24.02.14,5,Good,,,,
8ace03cf-8669-4d11-a17a-1b4d42efa06f,Hiruy,https://play-lh.googleusercontent.com/a/ACg8ocIsmLukKX25Ree-_9peZ6The3TIT8BLmcYZ2zIWJ8xY2UG7ng=mo,1,24.03.04,2024-04-19 13:15:04,,,24.03.04,5,·ã´·àù·à´·àç,,,,
358a53a8-e15d-451f-a8ab-383d5c3b32ea,Kalid Folk,https://play-lh.googleusercontent.com/a/ACg8ocLr91SHdWBf175uPFSuyXh3AIpoTd0SQImknTWGwYKGwk0mqQ=mo,2,24.03.04,2024-04-19 10:35:37,,,24.03.04,1,"How long does it take people to open an apollo account? Definitely more than 1 hour Which platform takes more than an hour to open an account World class?? None maximum 15m or maybe 30minutes if it's a difficult process.But this is simple take a long time.It's boring I installed it this morning,tried to open an account and i gave up.or you can hire a software developer from a foreign country.If this is the result of developers of our country.Because there are many options for users these days.",,,,
aaaa4f83-f22f-4000-9eb9-1f863cd8de7f,Alpha Geek,https://play-lh.googleusercontent.com/a-/ALV-UjUXy02SGe5xo1fe6GHSOTSlbPTAz_Zapey5nE4od7G2PQpxpUb4,0,,2024-04-19 00:23:00,,,,1,Let me just say I create better apps than this just for fun üòÇü§£,,,,
9bdc6ce7-be52-45ac-a5af-971274ade18d,Aytama Akamo,https://play-lh.googleusercontent.com/a-/ALV-UjWJyMHmtPeJHzcogDbQPaYUHLFN8n69luvgrIuQjAwEi_Zl42pW,1,,2024-04-18 20:03:55,,,,5,Appllo is best app,,,,
0afb057d-dbae-45fa-88a6-a1c82ef043d7,Eyob Tadele,https://play-lh.googleusercontent.com/a/ACg8ocIg-MnKbaLVVndmmKtx_OyB3uskpQ7mZA_pQ6EfFnnW12VRqw=mo,0,,2024-04-18 19:39:38,,,,1,"Even am unable to pay my loan, app is not working well",,,,
be2f5845-b2ed-43b0-a8b8-44e1dee3331e,Fiyaye Mygift,https://play-lh.googleusercontent.com/a-/ALV-UjUZP86dPxxds1iWgHwLNdTnFJSezCGpqTMU-AUmNpo6wvfCreHR,1,24.03.04,2024-04-18 18:49:47,,,24.03.04,5,Ma best,,,,
eef45155-06e4-4a86-83b1-db16f5e61948,Habib tech,https://play-lh.googleusercontent.com/a-/ALV-UjVsNtRDFHOn0aPXS2yXMHuWyQW7ZKZDn3iBfWKxUBWCPtujv8yi,6,24.03.04,2024-04-18 16:00:44,,,24.03.04,5,This app the best simple for using I paid my wifi bill using apollo app it's very good app tnx,,,,
594b37ae-c8ef-4dec-9dcd-64b8261dc0ce,Tewodros Agafari,https://play-lh.googleusercontent.com/a-/ALV-UjVuWu_MUCg7LYF1a7Gllt90i3wTpoLAuDTd-mKUng1Q6bzQxL6X,1,24.03.04,2024-04-18 00:12:43,,,24.03.04,5,Good,,,,
d40e4e23-5a37-4e31-97c2-611f61c7baf5,Mohamed Nur,https://play-lh.googleusercontent.com/a-/ALV-UjXxXoeasrcYvcpF-DkiB72OpEB3-9A6JPSEauLcYiDWu0gsRMC6,1,,2024-04-17 19:34:56,,,,5,Good,,,,
918a1bff-a52e-4a42-a037-c86cd62d1747,yonas Enawgaw,https://play-lh.googleusercontent.com/a-/ALV-UjX5sSpd6vUtu52-DhEzs6YtmqLACp_kcvd6X3yrNSzGa-Q3iMo,1,24.03.04,2024-04-17 19:02:24,,,24.03.04,5,I expriance credit service from this digital banking system p,,,,
b03c0026-c2a3-45f7-82dc-b6231fa6d8c7,Binyam Gezahegn,https://play-lh.googleusercontent.com/a-/ALV-UjXaF56aEj4fzbWSujCxUMjXpxJZWS_6xgNsrP4nKeEmKk05jgY,2,24.03.04,2024-04-17 12:16:04,,,24.03.04,1,Bad application.. every single second crash,,,,
8ef10094-3442-4c8c-bf21-489eb622f68c,Mihiret Wondafrash,https://play-lh.googleusercontent.com/a/ACg8ocI9Hd41TQwwMMQ_o1yyUU5oVcNCdd18-C3UXMQWZnkU2cAGnQ=mo,1,,2024-04-16 21:15:18,,,,5,i like appolo,,,,
3a28fc41-d0ca-4692-87c3-1e2d711b9b38,Amanuel Yirgalem,https://play-lh.googleusercontent.com/a/ACg8ocIbrccj0-BEqtRwoW8Yiwn_BX-ULarwabVumrsrY8Ry9pm1xw=mo,1,,2024-04-16 14:17:35,,,,5,Good good,,,,
22454abb-2428-48c0-96cd-aad536c03eb3,Fasika Biresaw,https://play-lh.googleusercontent.com/a-/ALV-UjXdWwLuW2fRfmcfMH0zBFdyy4WyTsw-j9wD7jbJbKDQ5ZUGMsI,14,24.03.04,2024-04-16 12:28:14,,,24.03.04,1,"It keeps closing itself and says, ""Apollo closed because this app has a bug. Try clearing the app's cache first, and then reopen the app.""",,,,
158c2dc9-d079-4e3f-8528-b23f8635bb20,Hailu,https://play-lh.googleusercontent.com/a/ACg8ocLStGt-l1PYTcXWR7pKS80hwh47gUypFrJN1DqNMfl7wMidwg=mo,5,24.03.04,2024-04-15 19:16:42,,,24.03.04,3,"The app suddenly stops working too much late, response very weak.",,,,
89bc8458-e6c3-4d5d-b3a5-65edbdc868f7,Selam Ayele,https://play-lh.googleusercontent.com/a/ACg8ocK7gOVW14I3nai4VtjoE2VAq4MPyQKhyCMPccJVfFMDG8JtKQ=mo,1,24.03.04,2024-04-15 13:40:28,,,24.03.04,5,üë™,,,,
51a87e66-2878-4450-a357-817823a38b6e,Abdulkerim Nur,https://play-lh.googleusercontent.com/a/ACg8ocIEigvT9pAX--IKnj5pkIrVId8QG4wNr0QfkjxvbOpH4V96Ug=mo,0,,2024-04-15 10:25:31,,,,1,Have interest,,,,
0a3cf5eb-757f-4ff7-bd01-1624badd35db,milliyon ashebir,https://play-lh.googleusercontent.com/a/ACg8ocLYwabZuO27ZPMzSsz5qF1vYtyoTONisnnxe3xPGGcSIBkbkA=mo,1,24.03.04,2024-04-14 16:34:04,,,24.03.04,5,goood,,,,
be0dbb18-1ce6-4b6c-b1d5-bb65da0f8445,Dawit Yeshitela,https://play-lh.googleusercontent.com/a-/ALV-UjW88efn7T0w-ISXTbSFq7ojs_1rwDkaZL-TuGqKytN_wpyecRY,1,24.03.04,2024-04-14 11:50:12,,,24.03.04,1,This app doesn't work at all!,,,,
cf5a9804-e18e-4201-a8d4-3b8fbf62cb2d,Natnael Tadesse,https://play-lh.googleusercontent.com/a/ACg8ocJovd_Bu-rwwnpny_PV_yQtLGe8xSDQDscQRXh7GMb7EhirqQ=mo,7,24.03.04,2024-04-14 08:33:23,,,24.03.04,3,evenif i just updated my profile it keeps saying bucket overide i can't transfer my own money please fix it fast. even your call center can't fix it for me,,,,
8c6272a3-e25a-430f-aafa-2ff6c7ca6c6d,hailu misganaw,https://play-lh.googleusercontent.com/a/ACg8ocKSrrTMInlJhHwq494jOrJiSP_THeHDlZkzAHiq9epsgMIngQ=mo,0,24.03.04,2024-04-14 00:11:55,,,24.03.04,1,·â†·å£·àù ·ä†·ãù·åç ·äê·ãç·ç£1900 ·àã·ã≠ ·ã´·àà ·â£·ä≠·ãã·à≠·ãµ ·ä†·ã≠ ·äê·ãç,,,,
ed219dff-e2f9-4453-a72b-5f2fb2b8b619,Gemechu Birehanu (Game),https://play-lh.googleusercontent.com/a-/ALV-UjWhD9a2s11eJ6r2IS5hDE4T2h1f4oaalBlNoTYwot0RfoBnaY7C,1,24.03.04,2024-04-13 19:23:15,,,24.03.04,1,Keeps crashing and my phone always ask me to uninstall it,,,,
dcc0cced-7343-44b7-9fa5-d593d4593254,Amir Abel,https://play-lh.googleusercontent.com/a/ACg8ocLxX-MefUY8nYAPonYz9OFu3Y2HoWAepsWcbiKHpYSg7TSspX8=mo,0,24.03.04,2024-04-12 20:25:08,,,24.03.04,5,Batam teru,,,,
a1df1c5f-864a-46be-9617-629591e9a25e,Endalew Bishaw,https://play-lh.googleusercontent.com/a-/ALV-UjU2BTl_g63jQHjfxgXHnezgNo131hK6TepEaJj0tDgg5mX-VtY,1,24.03.04,2024-04-12 12:44:04,,,24.03.04,1,"This app is not working anything, i don't expect from BOA it kills time,lose funds for customers",,,,
2d7e153c-ab3b-4e02-a5ca-b1069407e2fc,Ashu Mamo,https://play-lh.googleusercontent.com/a/ACg8ocLYXBM6Yv56s7YwiZXTBcXaxtgN5JmHn-_fTNCTE_-1L8lSPA=mo,1,24.03.04,2024-04-12 11:33:57,,,24.03.04,5,üëç,,,,
03d55076-d818-46f1-aa7e-3236ec10bbae,Yonatan Yimer,https://play-lh.googleusercontent.com/a-/ALV-UjX7FxLJJTDnjgVoHTiwXtp-_tXY6W8QJIM_zEC29eEJNe7OeOGo,0,,2024-04-12 11:18:04,,,,1,ü§Æü§Æü§Æit's not working properly every time,,,,
077a0259-29db-4a18-8af0-dc9cc15d6760,Daniel Amsalu,https://play-lh.googleusercontent.com/a-/ALV-UjXJpApCZeDzEdbaurSv-NlMPJsuPmFWaaSscd6p6detakyN0dM0,1,24.03.04,2024-04-12 00:26:54,,,24.03.04,4,This app Doesn't work,,,,
6a629dd3-c5be-42e5-8373-6c0b458c8e6d,Nebil Abdu,https://play-lh.googleusercontent.com/a-/ALV-UjXEZWYStG5AXC3bnkC7twW2gzRpWMwWG9quQNCHjjYtkhBQfppF,10,24.03.04,2024-04-12 00:17:59,,,24.03.04,1,The app was working with difficulty previously...but now it took forever to respond...you should fix the system then advertise later...,,,,
8a0a227d-7f34-416d-af90-575c5ded7d37,korana tadesse,https://play-lh.googleusercontent.com/a-/ALV-UjWYnoq_X181ENFG1a9pTGLyuIZw5-Cx9zSfnuA7V0jvM6OOSHw,3,24.03.04,2024-04-11 23:25:21,,,24.03.04,5,I am very amazed with this app so please dawnload and use it,,,,
2a7f5df9-d141-4e52-ad69-2975dbd6f5f4,Yared Seyoum,https://play-lh.googleusercontent.com/a-/ALV-UjW2w6EEVxwA1GWPkurZXePO8S84uMewhUr5jg_9_OrCAPWfpcBu,3,24.03.04,2024-04-11 22:23:58,,,24.03.04,2,It is so unreliable. It stops at times when I really want to use it to pay.,,,,
417cbba3-424a-4729-b680-a381f22ba00f,Kiya Gedefa,https://play-lh.googleusercontent.com/a/ACg8ocJb3IA3r6XLdjaZ8Q5TOUnTm_rTSkwhjZcP79DnGyAmyBzX4g=mo,1,24.03.04,2024-04-11 18:11:45,,,24.03.04,5,Good,,,,
856d6b1f-a6be-4fbe-add5-6f8088d33971,Asebegn Meteku,https://play-lh.googleusercontent.com/a-/ALV-UjW81U7X9F17BcpfN9OxDToXuzBEWQG05jlWSONrYBq2WDK2Zez_,1,24.03.04,2024-04-11 13:28:37,,,24.03.04,1,The worest app i have everseen in my life,,,,
14472ba7-06fe-4280-ba40-169149151f21,Hawi Sorsa,https://play-lh.googleusercontent.com/a-/ALV-UjWpdLwmcKhZBA4HcirTI2TYfEiNADXhAK8nPEXDBOXaERB713hh,1,24.02.14,2024-04-11 10:33:33,,,24.02.14,1,Doesn't work at all,,,,
1765ffa0-ff85-45c4-b347-abd061902703,Muslih Fahmi,https://play-lh.googleusercontent.com/a-/ALV-UjUwT1iT3DIuAidEJ9OBbZqlT0SqR__C89MDy59RKFdL4ENFuWE,0,24.03.04,2024-04-11 08:57:18,,,24.03.04,4,Amazing,,,,
9245611d-a68c-45de-9230-3a75115d007d,Abreham Ab,https://play-lh.googleusercontent.com/a-/ALV-UjV8TGlLVaArj2T3elzvJcq_FDKx2ppJXipRDOMYsqZuU9x6h8Y,0,24.03.04,2024-04-11 07:25:55,,,24.03.04,4,Nice,,,,
0668de2c-583b-4e77-a4ea-0fb7da1dd7e5,eyob abebe,https://play-lh.googleusercontent.com/a-/ALV-UjXTU2jbTCz1v4FjQ5AWWrEF64IpqGtXnO_2ZqHWF38PQ0cMtUg,1,24.03.04,2024-04-10 22:41:42,,,24.03.04,1,Glitch is normal here on this app bad experience,,,,
39207d73-17a1-4018-b17a-7af78fda77fc,Dev It,https://play-lh.googleusercontent.com/a/ACg8ocK-aUDjX76lCyim6FR7v18OzxC0r9MiHVXFi1j5RWXJLM9XDw=mo,1,,2024-04-10 21:41:45,,,,5,Good app,,,,
587eeddd-371a-452b-bc16-1e67eb2c6876,meskerem mitku,https://play-lh.googleusercontent.com/a-/ALV-UjXskQZ18VARiPc5rpivB28_NAdOwicjtotWv5gAtXsIRScIH10,0,24.03.04,2024-04-10 19:21:14,,,24.03.04,1,Gentile bank used. the only one Ethiopia,,,,
9847082a-0389-47d9-a89d-c6ac5ae7b5b3,Wondewossen Bekele,https://play-lh.googleusercontent.com/a/ACg8ocJZLwK5K8czsdRkcJo1JaHAJqvqc7Le_xzNhPgen0CGe3DkxEo=mo,1,24.03.04,2024-04-10 09:43:57,,,24.03.04,5,Aref new,,,,
c9303359-c0c2-46d3-8f22-54270128e829,Frezer Afework,https://play-lh.googleusercontent.com/a/ACg8ocKo0rIKCPtKG8ZmhlrljWERW-Nv9JlZv4qYUnmBECpb0f5bCg=mo,1,24.03.04,2024-04-09 21:54:20,,,24.03.04,5,Best app,,,,
d3fe9c61-eb20-4a19-8acd-a03fc81eb158,Samsom Fitsum,https://play-lh.googleusercontent.com/a-/ALV-UjXGdKLzwPD9jl9rOq9yazmJlJpeag-zyCfGC3pZCJ45-p9wiJ8,1,23.12.29,2024-04-09 17:31:57,,,23.12.29,5,Nice app,,,,
f1df5d3c-ff70-4968-9f93-203a2138f2d4,desyibel ayenew,https://play-lh.googleusercontent.com/a-/ALV-UjV0rlnaIS9JwpiPSJw6fBjtV2f96G6yY9EG2oIbL8WWQ8K3CREB,0,22.10.27,2024-04-09 13:35:55,,,22.10.27,1,It is so burying. It requires unreliable and misrelated requirements,,,,
02119454-2e17-4247-b78b-d4d26c1f3c30,Temesgen Dagussa,https://play-lh.googleusercontent.com/a-/ALV-UjVLHFcxbCInPw136P9fiA0yMjVmRRBJ2BA3rZvEjmc8mn9sK1E,1,,2024-04-09 09:21:19,,,,5,Im thinking about my feuture,,,,
19a764dd-850a-42b2-ad42-4fa528e20e9f,yehun belete,https://play-lh.googleusercontent.com/a-/ALV-UjXLjWlZsWsweXZoBlPc6MWjrsPmMxjmHKD0RP7Cx9Ny6uatXfk,1,24.03.04,2024-04-08 20:48:54,,,24.03.04,5,It's was good app but it is not working well,,,,
3bc3cd1c-e500-4f7c-943a-1d5a87076077,Nehemia Berhanu,https://play-lh.googleusercontent.com/a/ACg8ocLJ8WTO2Vka5Fc41K5l19VgdkFtim3zZyscYBIqg9P_uZ9sFQ=mo,1,24.03.04,2024-04-08 19:54:25,,,24.03.04,1,what an awful application. the most bad application I have ever experienced for androids,,,,
75e02c75-e0ff-4cd9-bff4-329b901bd845,frezghi yebio,https://play-lh.googleusercontent.com/a/ACg8ocLJLrnBdJMF7LU2KBW7FfituZbH73yt3HyKLC1qdhlqYU0pA1M=mo,1,,2024-04-08 19:13:53,,,,5,it is useful app for me and my friends,,,,
7bbdfdba-4729-48cc-a916-347dba720feb,Rmy Rmy,https://play-lh.googleusercontent.com/a/ACg8ocIGGNt1MWEqGRQLsryOhxAfHpg1ckOqnlt3y-G_H_LKcttVsQ=mo,4,24.03.04,2024-04-08 15:12:42,,,24.03.04,1,"This is the worst app ever, the developers are absolute IDIOTS. The bank MUST fire them immediately. I just put 1 star because there is nothing less to give.",,,,
6b57f840-4454-494c-9a6b-749d5f41b0c5,Redagn Simanesew,https://play-lh.googleusercontent.com/a/ACg8ocLX5_nmbnWxY2XyUGn9eQOGYbSuflGgho--QVMDXjteMqbt9Ws=mo,1,24.03.04,2024-04-08 13:42:18,,,24.03.04,1,Yemecheresha boring app new betam bzu bzu mikerew neger ale le advert endezi mechekol alneberebachum ena still subscriber lemabza kemetar fix madregu lay bzu focus yasfelgewal!!!!,,,,
6167a59f-496f-4fdc-8006-66468ee7ae81,Jano Tech,https://play-lh.googleusercontent.com/a-/ALV-UjUrULo9tRByyH1wHP7WyE8u-rCPQRoE-vFKkUib0wr0GnZbYCLq,1,24.03.04,2024-04-08 13:03:14,,,24.03.04,1,The worst app ever.,,,,
d863521d-9337-4e2a-9dcb-4dc4d9f56cf7,Mustofa Mosoro,https://play-lh.googleusercontent.com/a/ACg8ocJf3yfFZpAC5BQSgcjDvLSwny1tbSupxDR45HAAAuP-QSX6Uw=mo,1,24.03.04,2024-04-08 00:36:42,,,24.03.04,5,ok,,,,
96ca080a-f70a-4bc3-93b5-427ed1703dbc,Hamusa Anbarche,https://play-lh.googleusercontent.com/a/ACg8ocKiee5oLEIqD5SQjY4nVHuapMh_l1YhfTPZ8i5Gtj-EFfDKcA=mo,0,24.03.04,2024-04-07 15:39:35,,,24.03.04,4,Smart app,,,,
77ae3e61-b793-4e5f-8077-4def9a497c8a,Dagmawi Yemane,https://play-lh.googleusercontent.com/a/ACg8ocJYfOm0dP6H6X5jZ5qAwHR228mLu1SXO08caOT6QPXN9SgmnA=mo,7,24.03.04,2024-04-07 08:24:39,,,24.03.04,3,The app is very unstable especially for a digital bank.,,,,
2716a2e6-580f-45a1-b90a-ace45dbb50fe,Mengistu Geleta,https://play-lh.googleusercontent.com/a-/ALV-UjWEduqH1Y1_72ur6A0rfflG_bJIyFo6IyXUCHOeHY0plXyCx4Ds,1,24.03.04,2024-04-07 06:45:24,,,24.03.04,5,"Best app,",,,,
9eb67a7a-8211-40b2-a53a-1da1575240d2,Mesfin Tadesse (Angasa),https://play-lh.googleusercontent.com/a-/ALV-UjW_eaNawnVIC7pdkkCDI8yqTfm9pcMICg-2Kw7zqN-dnAs63Ju6,1,24.03.04,2024-04-06 20:35:05,,,24.03.04,5,Abyssinia Bank is the solution to any emergency or problem.,,,,
fd748bf4-b8b7-4faa-91d7-365a873a3d23,Mesfin Asefa Yimam,https://play-lh.googleusercontent.com/a-/ALV-UjUGxK1dtf2-UAql2U6abqTyYgLAzIALYMElBPVdyH7eyZvw8Gg,0,24.03.04,2024-04-06 11:50:06,,,24.03.04,4,·àÅ·àå·àù ·â∞·àò·à´·å≠ ·â£·äï·ä≠,,,,
0507b1ef-338b-4405-906e-54704ab2c14b,Gediyon Abera,https://play-lh.googleusercontent.com/a-/ALV-UjWk325YMqVDun9bGIyLJSZH6hGoUkydy2M7V6D0i_E9CuyvtsC6,0,,2024-04-06 11:25:36,,,,2,Great job!!,,,,
0da4d4e5-dae5-4d8d-9bf6-d4284593491b,Habtamu Getu,https://play-lh.googleusercontent.com/a-/ALV-UjU40qQjTik8DClUmRzkHgOO6Y_wlAZmvJ1EEYSx-JtOHuQaOEs1,549,24.03.04,2024-04-05 15:14:16,,,24.03.04,1,"Disappointing Experience I recently downloaded this app hoping for a positive experience, but unfortunately, it fell short of my expectations. The app frequently crashes, making it nearly unusable. Additionally, the interface is cluttered and unintuitive, making navigation frustrating. I hope the developers address these issues in future updates to improve the user experience.",,,,
36c60298-a3c8-4692-a696-4e1807e9512d,nebiyu daniel,https://play-lh.googleusercontent.com/a/ACg8ocLV0Evs-LGNoQGzU-vGI6yM5Q7lq4jMNRHVS9ycgfNCmwSBKQ=mo,0,24.03.04,2024-04-05 12:18:05,,,24.03.04,1,The most bad app,,,,
1f26311b-1817-4cbe-adc9-a1ec1230715e,Kaletsidk Girma,https://play-lh.googleusercontent.com/a-/ALV-UjUBeK8HgNPFanDHem9_chR9RT0tXoU4-yjZ5U8afC9Vt7LY3IAMkA,3,24.03.04,2024-04-05 11:13:32,,,24.03.04,1,U have to solve the problem that have no response when opening the app,,,,
8a782637-e018-4b48-a994-d85041cababc,mesafint ketsela,https://play-lh.googleusercontent.com/a-/ALV-UjX3ucP5YPbN61OaxH88cpxNXfZ0ySj4Mp2QqbUEQUQn8CvzfuY,0,24.03.04,2024-04-05 08:54:26,,,24.03.04,1,Aysera,,,,
89df2095-467e-4848-a3ce-af0eeba692b6,Nardos Hailu,https://play-lh.googleusercontent.com/a-/ALV-UjWYGNO2EL3uqmSFB3nPY-lzRj947WQF6XIiUey_TSIqgHUiy4Y,1,,2024-04-04 16:58:14,,,,5,Its great app,,,,
90dbc89d-ae6a-4b90-bb94-dc4c4ec5e3cd,Bezu Bezu,https://play-lh.googleusercontent.com/a/ACg8ocLsaMLG7jUK9vLZ-FxZDyxdqP0Ms3vSj34T8t0h-cxtOQKTFw=mo,1,,2024-04-04 12:04:19,,,,5,wow,,,,
24eca8c3-6a42-457d-8816-574ad08cb0fd,Fekadu Alemayehu,https://play-lh.googleusercontent.com/a-/ALV-UjWHIFg8EIzY2kwPEC4-Aw6wQxyY2E-3XOSpVIYHd2_J0PmoGz0,1,24.03.04,2024-04-04 00:00:40,,,24.03.04,5,Not bad,,,,
45e9c0b4-6b9c-4117-9d90-14e150988714,danny dan,https://play-lh.googleusercontent.com/a/ACg8ocKH1chVLMpsdJQWn4adTOZ5DQjlGuEZ8ZF4FAzS_i2mRhLNNg=mo,15,24.03.04,2024-04-03 22:48:22,,,24.03.04,1,I want give zero star if I can because i am using this app for more than 5 months and my transaction was so good but still I am not eligible for loan sa bad app. don't install it.,,,,
b1c0a935-f44a-424a-80c0-c29ee254c6ec,Eyoel ketema,https://play-lh.googleusercontent.com/a/ACg8ocK6ZHw9vcW6yYzOLTy9n-9cuMUBmwZfGh_OFJq7hwD6nsGIaQ=mo,34,24.03.04,2024-04-03 18:27:02,,,24.03.04,1,"This app doesn't work ,I tried many times to register, I received many texts, which doesn't help at all. The app Need improvement.",,,,
ced8fb7f-a2d8-45d1-bc6d-edccc342896a,Kidist Ketema,https://play-lh.googleusercontent.com/a/ACg8ocJGUlvnlGMkLOggsoaXR5z1XlVFlnKcue39e9G0NpWoNnBgIw=mo,1,,2024-04-03 17:25:36,,,,5,Nice and perfect apl,,,,
a01c14e8-28b1-4198-a698-12f7cd8763df,Behailu Abera,https://play-lh.googleusercontent.com/a/ACg8ocJsNgXEV8DSHBs1Ng6bWpwpiIf00DDmR4wQ9ppwyoehtYJTVUE=mo,2,24.03.04,2024-04-03 14:09:11,,,24.03.04,5,Great,,,,
c92145e7-a04a-4b06-8f51-4c9eb65bf23a,Habtu Teklemicael,https://play-lh.googleusercontent.com/a-/ALV-UjWLkCzmgu59ntHUEsTHyWliAd7QfwgLsMDGi74e-ZKodxkVN0sV,1,24.03.04,2024-04-03 01:00:32,,,24.03.04,5,It's nice and interesting,,,,
6be98e46-9ad3-48d8-83ff-d8a11217ce8d,zeleke kebede,https://play-lh.googleusercontent.com/a-/ALV-UjVPVLmNFo5ykj8k0spguYP2U-RG2JH4UXR5QsX_F2g2ly1P2HK-,1,23.10.24,2024-04-02 19:38:36,,,23.10.24,5,Good app,,,,
c0eae075-0cb1-489e-89b0-162477bb93c5,wendmagegn mamo,https://play-lh.googleusercontent.com/a-/ALV-UjVnI11YEirt_ndJ1zvSaTAyIsIxQYif8cJwyJdnrxKKcMKoag7V,1,24.03.04,2024-04-02 08:15:14,,,24.03.04,5,nac,,,,
24481003-3ff5-4ea4-b925-673e1b331742,Ay # Ay #,https://play-lh.googleusercontent.com/a/ACg8ocKkPSaRnqyRl12tVVrmkQxRgidkbAKfUxXPZRDNxVTiQ7bdHg=mo,0,24.03.04,2024-03-31 06:24:47,,,24.03.04,5,Nice app,,,,
92e28cb8-c303-4a3e-9aed-9eefd88d3901,mohammed ahmed,https://play-lh.googleusercontent.com/a/ACg8ocKFrx_kmc6Ge3ZcW9x2meOw-dr7lf2xzicdfNMoviaasXykrg=mo,0,24.03.04,2024-03-31 02:09:33,,,24.03.04,5,VGood,,,,
c57e9845-450d-4612-93a9-d21b8767f06f,Bantalem,https://play-lh.googleusercontent.com/a/ACg8ocLQm649Ao1EcS60yacdbxzo1YUp-TQ5Sy-U7uQqb2Mi8AO4Zg=mo,13,24.03.04,2024-03-30 12:01:00,,,24.03.04,1,No need to give Star the woriest app in the world. Every time you're obliged to install from play store to open a new account!,,,,
37ecbf1b-50c4-4f52-8ca5-f7018f0ef26f,Ahmad Husseen,https://play-lh.googleusercontent.com/a/ACg8ocJI74pz8BH1-FhEK8JpCznc3ewsS72JyN2YsEKLUEXlWkZ-pw=mo,0,24.03.04,2024-03-29 23:38:13,,,24.03.04,5,Ahmad husen 30.3.224,,,,
b6f4505d-c691-4546-ae87-28a8b6ece275,Kaleab Molla,https://play-lh.googleusercontent.com/a-/ALV-UjWe5Nm4tUNc7JxGIvkJUzGfj4fU2Od6kNfmiOzOpFZNVnPOljc,0,24.03.04,2024-03-29 21:52:57,,,24.03.04,5,Nice app,,,,
b2020e65-8a7e-4f08-9c05-a3323760251c,Selamken Agegnehu,https://play-lh.googleusercontent.com/a-/ALV-UjUkkix7jBDhmlkeGN59CCL9ZHwWYBDn1oFWiMJz9wr-PdIHEudq,1,24.03.04,2024-03-29 20:38:55,,,24.03.04,5,Login and problem on OTP,,,,
1ec78b5d-a8e8-4f72-9391-21d3f3e679d4,Asress Anteneh,https://play-lh.googleusercontent.com/a-/ALV-UjUTYXcclowNjzlyNxuU7_8k0k7ZZfPsDxlvZJXvswTRuooU0GE,0,24.03.04,2024-03-29 19:28:56,,,24.03.04,4,good,,,,
f96face0-8b8f-433f-ad0f-c161abb16ade,Yewongel Zemen Betekirstian ·ã®·ãà·äï·åå·àç ·ãò·àò·äï ·â§·â∞·ä≠·à≠·àµ·â≤·ã´·äï,https://play-lh.googleusercontent.com/a-/ALV-UjWYRpO9e0p15HTuto9HgqQM4tke-_l8U5MVWSLlygTxwzWUD8Ns,0,24.01.17,2024-03-29 19:09:23,,,24.01.17,5,Good,,,,
a4f1a59a-55da-4caf-a2ff-0452eb86b52d,Eyakem Golla,https://play-lh.googleusercontent.com/a/ACg8ocLjofkZ8v3Atk99nrZ1KuIwH3bGqO7kY5IBoO3kP4NKlONf1g=mo,0,,2024-03-28 21:11:33,,,,1,Full of bug it doesn't even sign up . a shame of work for the abyssinia bank,,,,
f4f0ccbb-3364-4f21-aa45-1737a19bfdd5,surafel yonas,https://play-lh.googleusercontent.com/a-/ALV-UjWlYoUef4b3yfShBr-MaFPJ4KZLbNPfR51P2fcfPGPX2owqD7bH,0,,2024-03-28 21:02:11,,,,5,This app is good app,,,,
3314fead-2c6e-4a2c-8462-46a509caf650,Hewi Love,https://play-lh.googleusercontent.com/a/ACg8ocJ_Jr24yYV124EQw7UFtnldCiXU7CU7UdmikpLafs2wxeMOog=mo,2,,2024-03-28 21:00:31,,,,3,·ä†·çï·àä·ä¨·àΩ·äë ·ä•·åÖ·åç ·ä†·à™·çç ·ã®·â•·ãµ·à≠ ·ãà·àà·ã±·àù ·ãù·âÖ·â∞·äõ ·â†·àò·àÜ·äë ·â•·ãô ·à∞·ãç ·àµ·à´ ·àä·ã´·àµ·åÄ·àù·à≠ ·ã®·àö·ã´·âΩ·àç ·äê·ãç·ç¢·â¢·àÜ·äï·àù ·åç·äï ·ä†·àÅ·äï·àù ·àä·â≥·ã© ·ä®·àö·åà·â£·â∏·ãç ·àõ·àµ·â∞·ä´·ä®·ã´·ãé·âΩ ·àò·ä´·ä®·àç (Device Registration) ·â†·ãã·äê·äù·äê·âµ ·àä·å§·äï·â†·âµ ·ã≠·åà·â£·àç ·àù·ä≠·äï·ã´·â±·àù ·ã®·àö·àã·ä≠·àç·äï·äï ·äÆ·ãµ ·à´·à± ·àõ·àµ·åà·â£·â± ·àà safety ·å•·à© ·â¢·àÜ·äï·àù ·åç·äï ·à≤·àõ·âΩ·äï ·ä®·å†·çã ·â†·åé·åç·àç(email) ·àã·ã≠ ·ã®·àö·àã·ä≠·àç·äï·äï security code ·â∞·å†·âÖ·àò·äï ·àò·åç·â£·âµ ·ä†·äï·âΩ·àç·àù·ç¢ ·àå·àã·ãç ·ã∞·àû ·ã®·àù·äï·å†·âÄ·àù·â†·âµ ·àµ·àç·ä≠ ·à≤·å†·çã·ç£ ·à≤·â†·àã·àΩ·ç£ ·ãà·ã≠ ·ã∞·àû ·à≤·à∞·à®·âÖ·â•·äï ·àå·àã ·âÄ·çé ·àã·ã≠ ·àà·àò·åç·â£·âµ ·ä•·äï·â∏·åà·à´·àà·äï·ç¢ ·àµ·àà·ãö·àÖ ·ä•·â£·ä´·âΩ·àÅ ·ä•·äê·ãö·àÖ·äï ·äê·åà·àÆ·âΩ ·âÖ·à®·çâ·àç·äï·ç¢ ·ä•·äì·àò·à∞·åç·äì·àà·äï!!,,,,
2c6b260c-23f5-4c47-a7ce-8300c981d8e0,KenoBi,https://play-lh.googleusercontent.com/a/ACg8ocLxhp18lXrriTPPXiczGJgeNVOGv4MnQrwEFPeAWLeJNKCvNg=mo,1,,2024-03-28 14:23:47,,,,2,it's difficult to register especially to use front face camera to upload profile. by the way why the heck we have to blink three times to give our picture and self register? make it a friendly app for your customers. did the bank ever done research on how the users are interacting with the banks application? I don't think so.,,,,
ce676749-549d-49cf-9681-1cf395d4a314,Adis Belay,https://play-lh.googleusercontent.com/a/ACg8ocLBm9fKGhCcs7ElMK4C4_Zj6ICOfVrgj6i42h14KdgVhjFc7w=mo,1,,2024-03-27 22:00:29,,,,4,Goog app,,,,
fa4c2953-6e62-4766-9e3b-e47d460d7fe2,Etsay Siyum,https://play-lh.googleusercontent.com/a/ACg8ocK1b1mjKQUn1iNy1F9fA0S2ocO0vONio13Xb4mHcuxR0kCSBA=mo,1,24.03.04,2024-03-27 21:02:34,,,24.03.04,5,this app is very smart app,,,,
24fb0068-406b-45e7-9794-0ad647b9ffba,Eden Haile,https://play-lh.googleusercontent.com/a/ACg8ocLvmP_LvVZXAdDVUAfsC8_r1mOGEsX2W1s9Gj31FMSm3DywbA=mo,0,,2024-03-27 16:31:30,,,,1,"Even a kid can make a bettet app than this, BOA very dissapointed",,,,
963cb86e-906f-43b0-af68-e34f565a59a6,Wedeneh Bekele,https://play-lh.googleusercontent.com/a/ACg8ocJjMtUpXFaCxJzqk9CLp65aAGjasrHgI2kGoaxu8S4-7IJ76g=mo,0,,2024-03-27 07:47:47,,,,5,Wedeneh,,,,
5fffa428-67f3-4271-8a5d-8418797b96d2,Abdilkaf Dula,https://play-lh.googleusercontent.com/a-/ALV-UjWaZ4bvFKGBHK0lLnCf-TEeeCrya71Zc_fCdl3UzoutULmQSok,0,24.03.04,2024-03-27 02:18:01,,,24.03.04,5,Nic app,,,,
a2145b08-443c-4ee6-9d75-644284f8af07,Kifle Tafese,https://play-lh.googleusercontent.com/a/ACg8ocLZ_0qE905qpZ57sb8bd2wdbxvndInnVyyfKlbSM259cJ_hXw=mo,0,24.03.04,2024-03-26 09:37:05,,,24.03.04,5,.wow,,,,
8e0094bb-d728-47f0-b2c8-f662bb410279,Fra Mag,https://play-lh.googleusercontent.com/a-/ALV-UjXVgXbYXCs12feOjwQFEOK8AtynfFGl2ycyMZZi1AlZqn7lrDI,0,24.03.04,2024-03-25 17:06:02,,,24.03.04,5,Amazing App,,,,
6cf6dd90-38ef-49db-a1ec-9de4197d3858,Siraj Sebhatu,https://play-lh.googleusercontent.com/a-/ALV-UjXsulfxHnkKgvIuH-RgMM9mcIqLDF8Dm4eVQZduOcu1Cu_PjWaD,0,,2024-03-25 12:29:41,,,,5,Nice,,,,
76097465-1d48-4a18-90eb-d1cbb99a98f3,Tsegeireda abebe,https://play-lh.googleusercontent.com/a/ACg8ocLWJsUWn25EfBCVySOU-35-DT59EkXe6BSARPHyFJOgrUCcwg=mo,1,24.03.04,2024-03-25 06:56:01,,,24.03.04,1,I don't get it is not working?,,,,
5c0a8f16-d2bd-452a-875c-f4f6995a5a6a,Manuel Talore,https://play-lh.googleusercontent.com/a/ACg8ocJQI9soQkiSCZa-gdy2BQfevaQhF2twHlG42tbIomJbo3rUfg=mo,9,24.03.04,2024-03-23 07:17:31,,,24.03.04,1,The worst application even yall better be organized WHAT THE ACTUAL APPLICATION is this like so rude and problematic. It's infuriating,,,,
29f88dac-89eb-4ff9-9265-545ae64c0113,Simeneh Zewdu,https://play-lh.googleusercontent.com/a-/ALV-UjW5Qox6fOLbRpXU69vBEXHjEDb52ek0zxgvdU3MFjjQnbuUXvjD,9,24.03.04,2024-03-23 05:36:58,,,24.03.04,3,This app keeps crashing pls fix the problem and update it.,,,,
e76c55e2-b13d-4c5a-97d1-d1a016bbae81,Aden Ali,https://play-lh.googleusercontent.com/a/ACg8ocIu2QS-JHO7-evNPnWZGJ8M-ldlzxXJqp_kuWmTXULEyh3PpGY=mo,0,24.02.14,2024-03-23 02:16:44,,,24.02.14,5,welcome,,,,
9614d0f2-c80e-450e-aac2-47b02c31f375,Anteneh Yirgalem,https://play-lh.googleusercontent.com/a-/ALV-UjWoVp3aTNZUXfXUhN6_yW_xDfowW-CcOdlAvJkMZCrdNdw4tzEg,19,24.03.04,2024-03-22 18:38:04,,,24.03.04,1,The app seems like some kid's high-school project looks so good but doest work at all keeps crashing don't even try to download it u r better off with other financial apps,,,,
2bc92e95-c974-4beb-bafe-0fbbcddb137f,Muhammed Tilahun,https://play-lh.googleusercontent.com/a-/ALV-UjUoQrWVkG-JpOevUcDe4-JoHX-buTlHz8cU3VL5u1MCaXI5Q_rS,6,24.03.04,2024-03-22 16:37:09,,,24.03.04,1,"It always corrupt, unable to access for payment from it. It is not expected from Abyssinia.",,,,
8521c0c7-2fa7-40f7-b94b-0afbf29cb170,KedirTrading Kelil,https://play-lh.googleusercontent.com/a-/ALV-UjWSNS8GjLqeGSPs6HfV0bo8_x-wKAfHqG4cij5iWvBO_8nr1SU,0,24.02.14,2024-03-22 01:04:27,,,24.02.14,5,wow wow,,,,
68c9b366-ecb1-457f-b78f-60b7928c48fb,Faxum Nasir,https://play-lh.googleusercontent.com/a/ACg8ocJu0Z9v0V1M4sd3hAVFWXpm9mUPrzw79Togw23SA5f_MmpLOQ=mo,0,,2024-03-22 01:01:08,,,,5,Adis,,,,
efddaa0d-cf15-44f4-9e8b-a5df46dd1706,Hamza Mahamed,https://play-lh.googleusercontent.com/a/ACg8ocIm3PxOZOCf5vhs3UrOM3kucsDOnQdQB27qnGNDz5de01_MNQ=mo,0,24.02.14,2024-03-21 23:39:50,,,24.02.14,5,good,,,,
b7f0a029-5af6-4e00-9520-73cc82e8de8e,Samrawit Biruk,https://play-lh.googleusercontent.com/a-/ALV-UjX9-5aA5wRubf6lF7Iq4oSGarvirKoug6VL5jbN3yZYwaMLGzI,1,24.03.04,2024-03-21 18:04:40,,,24.03.04,1,The most miserable app. Please update it,,,,
2c3c5d6e-e8c9-42c5-931e-b57636cad773,Ras Abdre,https://play-lh.googleusercontent.com/a-/ALV-UjX5g1tFcsFpAbgudMcN6ae7d0CZI6-JMVgOuA_Q3O2JhO7_Q6Y,0,24.03.04,2024-03-20 23:38:30,,,24.03.04,5,good,,,,
05abf16e-6498-400c-86c7-2083cee490be,Yared Abate,https://play-lh.googleusercontent.com/a/ACg8ocLRsuqEumROqORtcStIdFxaGF2G9o2kz_TcXN_lRwCQw3tVQ2U=mo,2,,2024-03-20 20:22:40,,,,3,This app is best,,,,
72b016d8-0834-47ff-b34c-c9b92e042759,K Both,https://play-lh.googleusercontent.com/a/ACg8ocIVT2B3MO7olkq7D9g8S3UF1Se3GXy_qNxEGl99X8IqrrVzQA=mo,0,24.03.04,2024-03-20 18:12:33,,,24.03.04,5,Very good,,,,
875b0bb7-f39b-4cef-a88f-cfdf45b45533,Firi Soft,https://play-lh.googleusercontent.com/a-/ALV-UjXKg-qEmU-eOsxsMeZRnNbKjCwhfPbryR2zwTqVzS-vH76UL9XG,3,,2024-03-20 11:22:41,,,,2,Yea this app was good.....but one thing i wanna to know does have international payment like paypal ...... if it works i swear i will support in every thing.... i hope u will fix it,,,,
a6a3a532-3a11-406f-9312-1fa466014115,Yohannes Abit,https://play-lh.googleusercontent.com/a-/ALV-UjWUBi-tFXDDhkaA6DxWMls6RbRrGummvhJtvezzVMcQnTZbtKj5,1,24.03.04,2024-03-20 10:41:09,,,24.03.04,5,Bad app,,,,
f8cb1b5b-d8e1-44fc-a479-f814c7620758,Solomon Bekalu,https://play-lh.googleusercontent.com/a-/ALV-UjW1iq9nnJMOQJWiFXVR2SWPwqa6agQvDTf3lbh6s0rV3fktwiq-,4,24.03.04,2024-03-20 09:01:43,,,24.03.04,1,Almost useless. The intention is there but not functioning. My rating to it is 0*,,,,
2f96a920-0da4-40a3-bf38-afcdaf6cd7a7,hanani Zerihun,https://play-lh.googleusercontent.com/a/ACg8ocL2sms7VxBi5gCITRNd29qVnd9rP9Sfq9EE4N3X5bVu5JLS3EY=mo,1,,2024-03-20 07:30:01,,,,5,Mnm ayseram lmekfet aschegari app,,,,
b5473206-0297-45f3-b303-51604f9209c9,fitsum taye,https://play-lh.googleusercontent.com/a-/ALV-UjXmpB7_rXNhaJAjx7VY7_9lE_Pp2YlPDrnwPqWDwHKIiIOEnV6G,0,24.03.04,2024-03-19 23:35:45,,,24.03.04,1,üëéüëéüëé,,,,
deebdec9-d8d6-43b0-9236-f053b2efda6a,Fast car Mar,https://play-lh.googleusercontent.com/a-/ALV-UjUUyKjDxO-m2wpb9VXIQikqeka4msyDS8UJh1YAJQj7TyYrFLqD,0,24.03.04,2024-03-19 23:33:34,,,24.03.04,2,Wow,,,,
db261238-e304-47b6-9fc4-5f3c8e0aa53e,Sammy,https://play-lh.googleusercontent.com/a/ACg8ocLyFxU6seSUxhMEqfGbRKVv82xvdgJ214itL-8MBiDZzt6-dw=mo,30,24.03.04,2024-03-19 19:29:30,,,24.03.04,1,What a shame. How could you even promote a fintech app that doesn't even open properly. A completely useless app. I could not even sign up due to glitches and crashes.,,,,
aadbf0d2-35f2-4a40-8845-05b68634caf5,Gizaw Yadasa,https://play-lh.googleusercontent.com/a-/ALV-UjXzmVvWXa1sF4_pQHuK9nw1BGxOnOfYkGoUW47CjdCAL-Zy4jE,1,24.01.17,2024-03-19 19:26:35,,,24.01.17,1,"This application needs upgrade ,it cannot work any thing,",,,,
556f3439-c299-4bda-acb8-a5cae3cb1864,Girum Alemayehu,https://play-lh.googleusercontent.com/a-/ALV-UjVl03OqmAOmO1o3O4t9L9KDdrb_DTAFthttMzZ7j4-jgh845dS4,2,24.03.04,2024-03-19 18:57:08,,,24.03.04,3,Good,,,,
8e69e16d-4030-42ba-b9fd-d87e2d28d2a7,Hadish Bekuretsion Areeya,https://play-lh.googleusercontent.com/a-/ALV-UjWsj1AUOURDaU7Nb1hlF0kji_8Zug3n8bgdm1S0q-Dp3dC0KGRd7g,1,23.06.17,2024-03-19 18:46:54,,,23.06.17,1,I am disgrace by this apps. Its really boring. I do no why this mobile apps built. 1. Can't respons the host 2. It's too big for mobile.,,,,
9148fcd7-ea1a-4e29-a39b-9c28a0a33318,asegd belachew,https://play-lh.googleusercontent.com/a-/ALV-UjV2jbNxrQDDo0DCN6cSHvOcRkxSnr6xZDmEVKDD3jhnyr9mUw,0,24.03.04,2024-03-19 16:18:49,,,24.03.04,5,üëãüëå,,,,
fe644acb-3a43-4d07-ac96-59528ed345f0,bezawit abebe,https://play-lh.googleusercontent.com/a-/ALV-UjVHaJNtQXAoADWKAioIsYLviXeltX912DRhGXYSQnsPSbUxCJM,0,24.03.04,2024-03-19 16:10:45,,,24.03.04,1,How can I work,,,,
fc21bfa8-d761-4f75-ac94-1fde163cc81a,Bereket Mulugeta,https://play-lh.googleusercontent.com/a/ACg8ocIGIeY0GZJszn25QlKiR6hNUKRwUn0Lk6X72jBbuQlQci4mAg=mo,0,23.12.29,2024-03-19 15:58:09,,,23.12.29,5,Wow,,,,
7f242fc6-45c0-4b76-9525-581ad875ca22,ERMIAS DESALEGN (ERMI),https://play-lh.googleusercontent.com/a-/ALV-UjWqE-iGtptyVcAm7MKQTVvjI8UIu_MW2a-5hVmG9rxJ0DM1QFgo,2,24.02.14,2024-03-19 15:57:48,,,24.02.14,5,"It's nice app to transfer money , it's very easy to use",,,,
4e03fcb5-9d5b-4a5d-a109-e46ce3b79fde,Amanuel Kebede,https://play-lh.googleusercontent.com/a/ACg8ocKkNt9paUl0zzlCs4Vw6-O2Ydiq7xmNgWEW6eatIM0_iEe0cQ=mo,0,24.03.04,2024-03-19 15:45:20,,,24.03.04,4,Cool,,,,
8a804176-1027-485e-8468-5d84dbfe5c1b,Efrem Boru,https://play-lh.googleusercontent.com/a/ACg8ocLfE79jHo0swk3M5VhQ4Hq8grULHKpWL1Er6lc93kgg6wUJVQ=mo,0,,2024-03-19 15:06:12,,,,5,My phone,,,,
52722447-b321-4289-8d1b-1d432fa0e558,Addisu Ayele,https://play-lh.googleusercontent.com/a/ACg8ocIVBFUIGhDxunsX3BiuPHzH1hdxcpP4ESwMolkzjuqwsQbufg=mo,1,24.03.04,2024-03-19 14:12:12,,,24.03.04,1,Its not active all day,,,,
097b0ebd-cbd7-49a4-bd1d-f571780244aa,Israeli Gere,https://play-lh.googleusercontent.com/a/ACg8ocLZW_TGzZ7vnbTaV1n_9kArpjXk-a7DjesVdWka7fTqmWuu0w=mo,0,,2024-03-19 13:55:16,,,,5,Good app.,,,,
847285f0-c1e0-4f2e-9be6-3da30139099a,somex international,https://play-lh.googleusercontent.com/a-/ALV-UjU20kl9frzA_tG-K8sd1WO_qKX5iQxz27Qota1zjL58-2SY1hma,0,24.03.04,2024-03-19 12:44:39,,,24.03.04,5,Its more than good,,,,
f98ffa95-4f82-4333-bdc2-de36d6560ba1,Amutu Girma,https://play-lh.googleusercontent.com/a/ACg8ocIlOkez7IjZiiV3fTkp9qtSAgLpoIrwhaUWq43oBwjIkrnf2w=mo,0,,2024-03-19 10:45:25,,,,1,The worst app ever,,,,
c7d68438-a86f-4afb-9d95-bdf3737c0b9b,Bahru Kemal,https://play-lh.googleusercontent.com/a-/ALV-UjWvYMVCeDCY-TCa1SaA53xRrh3duMf7LfTFEStY8-V_eQPddJQ3,1,24.03.04,2024-03-18 23:51:22,,,24.03.04,3,super apollo app,,,,
ca81cc67-8d85-4473-bfad-08874b309124,sewalem fetene,https://play-lh.googleusercontent.com/a/ACg8ocIoauz-1GkJQF0UsSLs0gKqmZHsI1FfXIPbLgmQ4_W5neqUMQ=mo,0,24.03.04,2024-03-18 12:29:23,,,24.03.04,5,Nice app,,,,
b0fb28aa-3a61-4b04-8d1f-945c59335b17,Wuberst Alebachew,https://play-lh.googleusercontent.com/a-/ALV-UjXHPgCZOm_ZfzYSbIi1TLHMzcdx85wMq7bqD2qfA3VQ1Cq_MqAV,0,24.03.04,2024-03-18 10:59:38,,,24.03.04,1,Absolute garbage,,,,
cf6a524b-6983-4b87-8116-e737bcfa7246,Di Iy,https://play-lh.googleusercontent.com/a-/ALV-UjW1rT-U5CR9R4DAjOJKgeqnwtF0rXE0k06_dxul5xhvv_WIT1UV,0,,2024-03-18 10:28:57,,,,5,Best,,,,
b4933445-94ce-4ded-8439-6dfaf528403a,Beke Adsu,https://play-lh.googleusercontent.com/a/ACg8ocKaikFo94H8B-yut3UR0BKQV2aHawm9Q2rMM6v2mLWFOWieww=mo,0,,2024-03-17 22:20:15,,,,5,fine,,,,
194c5f9e-c3bc-4d23-9455-3293636ad09c,Getachew Shaligano,https://play-lh.googleusercontent.com/a-/ALV-UjV23o_VGAtR3UwEm88mH0MJfngaiOwBQXDl8xWM45ma2Lx0S2mz,1,,2024-03-17 21:34:19,,,,3,Apolo good app in terms of microloan except in apps passiveness,,,,
7c701de9-9730-49e8-9db9-3589fe90eee8,Sara Abarra,https://play-lh.googleusercontent.com/a/ACg8ocIoLdi8rARxziLAgRSHyx5WSyBB-egs_8efbEyRzkfohbqOeQ=mo,0,,2024-03-17 19:31:56,,,,5,It is good to be for students,,,,
00df9071-d9f8-4f9b-9212-82eb0b5e3047,Tadese Mesfen,https://play-lh.googleusercontent.com/a-/ALV-UjWrH8oYA-oAxCmh5liIlnutxT6RDleKGDsVeDp5IAEF0xp4SPE,0,,2024-03-17 11:41:40,,,,5,Good app,,,,
65ca4b94-ca40-452e-b4dc-254f4a6ae84b,Selam Selam,https://play-lh.googleusercontent.com/a/ACg8ocL0S2mZWiRUDlz_Bkc_EaeqptiXuTaBiBOMbPznqXEIShqNhg=mo,0,,2024-03-17 11:28:09,,,,5,May liyek Apollo,,,,
0acab695-f674-4173-a1e3-352ceaaf3f47,Shimeles Tadu,https://play-lh.googleusercontent.com/a-/ALV-UjXT2qbpvf5yxIoNV529dz9EM0lHJHkt52BPKLzbwPmX6HamyRtF,1,,2024-03-16 20:33:44,,,,2,"The idea and the name is the best, the service and the inside is empty, a very boring and crooked application",,,,
c1ae0a70-4b31-4d30-be9f-b2b13b561dd6,Mulu Biru,https://play-lh.googleusercontent.com/a/ACg8ocJOmJH8jazVBm8hj1ea7RmKVSwHK5ql_DigU6RVF8j8T2iVZA=mo,0,24.02.14,2024-03-16 10:19:21,,,24.02.14,1,ü§Æü§Æü§Æ,,,,
4e938919-05ec-4e73-9ead-7d75beb65309,Dera Gift,https://play-lh.googleusercontent.com/a/ACg8ocJNBy5esHWIU0vOj1fxisK4ilwM_VivM_4ZYCOZzLc1Vth2Tw=mo,0,24.01.17,2024-03-15 12:00:20,,,24.01.17,5,good app,,,,
ffd447ec-e3d8-4e30-8421-2eaa07471b61,Kal Kuku,https://play-lh.googleusercontent.com/a/ACg8ocLSeyCFGn7Afk4_07gaHju9jxHxEZKf-cPzNABMxBonPS6O4g=mo,0,23.10.24,2024-03-15 11:56:46,,,23.10.24,5,I love it,,,,
43a1b82d-ffcf-4601-94d7-4cda91ca27d8,Esayas Shiferaw,https://play-lh.googleusercontent.com/a-/ALV-UjXyBPNdyOMFB7oCFQd5nASi7u_rAZ_B36qKyMJ7sznRFTh37g,28,24.03.04,2024-03-15 04:03:54,,,24.03.04,1,I think the coumpany should change the app. It crash every time It does not look like financial app it look like demo app for the fresh app developer.,,,,
b46c0779-238d-46c1-9e63-2cdcb14df79f,Tsega Worku,https://play-lh.googleusercontent.com/a-/ALV-UjW6uOIh29kvQP8MG_dJo1NuZZNkdWrWQ9qsKb2FSAfLokOowyyA,0,24.02.14,2024-03-14 21:35:00,,,24.02.14,5,Abwdirun,,,,
ad73ec92-d9ae-4078-84d8-2f13f48b3349,Sids Fanjk,https://play-lh.googleusercontent.com/a/ACg8ocJBXNSwAcjn3zzy_XySPCHNUkOT4l13HJMA0ZlKIUVuK747eg=mo,1,24.03.04,2024-03-14 17:46:15,,,24.03.04,1,1000000% worst apk ever. Abyssiniya brags on a complete garbage apk through their Ads.,,,,
a94bbd99-5b65-4bbe-90aa-3a031018bfc3,Telaye Yewodyanhe,https://play-lh.googleusercontent.com/a/ACg8ocKj5y6LGaCDk4g-vuEyxOAQx48pEXHSMtob_KydmllXie2Fxw=mo,2,24.03.04,2024-03-14 16:43:23,,,24.03.04,5,Apollo is amazing baking system of Abyssinia,,,,
d2988cbe-8ae2-4947-8301-9809d4d26e25,teferi teshome,https://play-lh.googleusercontent.com/a-/ALV-UjU2txuNWWrPauSicfxQiSOLRHnNFfzACw2gER0O1oU1vJfEjX4,1,24.03.04,2024-03-14 14:59:07,,,24.03.04,1,Worst app ever seen,,,,
e1784b5c-ed8c-4470-b220-1d8d8a7ba844,Miret Ye beku,https://play-lh.googleusercontent.com/a/ACg8ocKpsqIeXbSI1_0ZOyOb7WAdd9GhEb7mmX0BXQ1iwlrAWj9b0A=mo,0,24.03.04,2024-03-14 13:30:15,,,24.03.04,5,·ä†·à®·à∞·à¨,,,,
6b8f02e7-a15d-48c0-9b17-1d81d43d21ce,Biniyam Bini,https://play-lh.googleusercontent.com/a/ACg8ocKgDbq9_9zB-hKqitALqSfEIY8cF3tht0992d582JkWvy-LQg=mo,0,,2024-03-13 08:15:46,,,,5,This program is easy,,,,
ab51332a-c30e-4aed-b794-599b04bf3157,Desta Dereje,https://play-lh.googleusercontent.com/a/ACg8ocKrLoVG5fDzeinghy-A7g-_uJAHSYP76fftH13mBLH32c5Uuw=mo,1,24.03.04,2024-03-13 03:10:49,,,24.03.04,3,Abyssinia apollo,,,,
01df1205-dae9-4f51-a495-5b6761c1cd11,robel n,https://play-lh.googleusercontent.com/a-/ALV-UjWPFPz9n-ChBKh34ivYmEdG76fYpZLMaOpD8Mvn9fG8jrPMO30,0,24.03.04,2024-03-13 00:29:46,,,24.03.04,4,Waw,,,,
09b4c1e5-a4bf-4832-8e1f-4e90f4db282d,Zelalem Gebru,https://play-lh.googleusercontent.com/a-/ALV-UjURrjJ96G577SxwuiDmzvzLytDCeDRc6C4VlZiPw42s2j1lYmlN,0,24.03.04,2024-03-12 06:50:45,,,24.03.04,1,Embarrassing App...!!!,,,,
46fc3bf5-e889-4401-adb7-b567ae9cd740,Aya Mehammed,https://play-lh.googleusercontent.com/a/ACg8ocIgbkQO-tdlR4LcxhNGgZMrgnG2Qx3ORYY2EL5mqnOvVYqiXA=mo,0,23.12.18,2024-03-12 00:39:44,,,23.12.18,5,Loved,,,,
3ccfd5ed-074d-4b6a-9306-e7e093e89e70,Abrha Gebre,https://play-lh.googleusercontent.com/a/ACg8ocIDY0uzC_LKOoRWiP3Rh5xXfkUTq4P7W50KJPIEwff6-pCkIQ=mo,0,23.12.29,2024-03-11 23:04:32,,,23.12.29,5,Good apk,,,,
42362b0f-a860-45a8-aa8d-a3b1262fe696,Sami Sami,https://play-lh.googleusercontent.com/a/ACg8ocIQksEqRjyaNBdh5oyPV0oE7_KuEJwayo1LwDxleghoN_k0wQ=mo,0,,2024-03-11 22:13:39,,,,5,I am waiting to get loan,,,,
d7110c64-79b8-48fd-93d5-bca82433d52a,Nezif Ari,https://play-lh.googleusercontent.com/a-/ALV-UjXGLFI13Q4zSP1a6b-2ZKPjJ4QzSB51mkrn4ZktGHQnf2mynVmQ,0,,2024-03-11 19:24:31,,,,1,If i could give it negative rating I would do it instantly worst banking app ever,,,,
c3fcff6b-9fe9-434f-a959-acafd2f9521e,K Both,https://play-lh.googleusercontent.com/a/ACg8ocLIx1JMUT8vSSwaABOZiFTRJZtCHw8oCyp6f13wMNexpbGc_A=mo,0,,2024-03-11 15:20:45,,,,5,its good,,,,
366abf80-1739-4733-838d-c64b311e67e9,Nigussie G. Mariam,https://play-lh.googleusercontent.com/a-/ALV-UjXsILXGPwuvwQE8KyJMq30eS6khKazxuX1rBxNBzrXqCAvS8IHs,1,24.02.14,2024-03-09 09:06:01,,,24.02.14,1,The worst mobile app,,,,
6e069f92-c1f2-4bd3-969f-dfc01f22d68f,yaredmak Abate,https://play-lh.googleusercontent.com/a/ACg8ocKJhn7MRhOxR_arcCT6n_IurwW5s2ylj0G76j_0hV8PTRyTiA=mo,0,24.03.04,2024-03-08 12:33:00,,,24.03.04,5,Good !,,,,
c5020abe-53c9-4752-8b33-73d5dbd63994,Bedru Salih (Gashe),https://play-lh.googleusercontent.com/a-/ALV-UjV4iSVnM9ViIWi0AJAjTp7nbQT5BC-N-BUyv0Ylz8d_okr3hbGs,1,,2024-03-07 22:29:27,,,,5,üëçüëç,,,,
e3cb594a-e407-4d47-9aac-936c1af43d51,Fekede Melis,https://play-lh.googleusercontent.com/a-/ALV-UjWNRBQC77EBDX2V2wxZIXYF7SYqakVfE430UZK249mjzRTEUFai,23,24.03.04,2024-03-07 19:14:14,,,24.03.04,4,This app. stopped working many months ago. Please solve the occurred problem and start providing service for your esteemed customers.,,,,
9f837826-be2e-4f84-9db2-41a1cf79217f,Galaxy Honor,https://play-lh.googleusercontent.com/a/ACg8ocInlTnu3QLkYDkFml4KNdGHM7M-j2gNRbcAQPhTB03qT4TmHg=mo,0,,2024-03-07 17:27:55,,,,5,Nice app,,,,
59959a75-d156-48df-8d7b-17b97b9a86fe,Enyew Ayenachew,https://play-lh.googleusercontent.com/a/ACg8ocKMwXp1-G_dFOUi8aESygrUu7RtKa667FVoSG2zFNd-7Ca46g=mo,0,,2024-03-06 21:53:46,,,,5,Goood app,,,,
26186d32-f937-4b37-aae7-65eedeaf5a42,Fasil Yosef,https://play-lh.googleusercontent.com/a-/ALV-UjVJwNT9tGowbUGi8U7OD17240JLyYEHX7hrNfifMO1onCbGOtM,0,24.02.14,2024-03-06 20:43:21,,,24.02.14,5,‚ù§‚ù§‚ù§‚ù§‚ù§‚ù§,,,,
1fddbdd8-9e69-4de3-8ce7-dcaf30c28186,Yeniehun Ayenew,https://play-lh.googleusercontent.com/a-/ALV-UjVGnEp0leEiAXO9mLCPaV7skcG5Z-I8V8kIZ8ZwqzsXsTEe2OYW,0,,2024-03-06 19:31:23,,,,1,Oh good app but big on it's size,,,,
0ee44dd9-5a65-479b-b4f0-7d9b652ae8e1,Yohannis Seyfu,https://play-lh.googleusercontent.com/a-/ALV-UjU0JQR1QdSYUz8IweItQlsGQumqhPmGjhpBHqeGfm1UtqThhEk,0,,2024-03-05 20:11:44,,,,5,Wow,,,,
064259c9-84ff-4c1c-9916-9d156d9ea884,zekariyas hailegebriel,https://play-lh.googleusercontent.com/a-/ALV-UjUV7slDxj2qtnKGTQHU3aMfHWwOFKhv0XO8_ldX64qpJnks26c,7,24.02.14,2024-03-02 07:00:58,,,24.02.14,1,"It is not reliable, the app crashed frequently.",,,,
375fa84d-8f6b-4cad-977f-36c9dc9f5994,desalegn nida,https://play-lh.googleusercontent.com/a/ACg8ocIWNBte3qFdfhv31BjkAtB_Y_rf9v64UIqgeo7su3YfeLZ8ZQ=mo,1,24.02.14,2024-03-02 06:52:04,,,24.02.14,1,It doesn't work.,,,,
d3c5e5b0-09c5-4f52-ba8c-35beb042e4fb,Redwan Husen,https://play-lh.googleusercontent.com/a-/ALV-UjVAgjSoT-4H0FV46F52_giFxGvTPs1e1rUx0gtYsDulNdwOPvqT,0,,2024-03-01 22:06:53,,,,5,Wow,,,,
703264df-9106-4933-9ef7-9a73b6e473f8,TEKALIGN ZEKARIAS,https://play-lh.googleusercontent.com/a-/ALV-UjXiiVtI-1mEptB1fYWA6rBUqVwuz7ak85njNhJRFz4TlKCURX33,0,24.02.14,2024-03-01 10:39:17,,,24.02.14,1,·ä•·åÖ·åç ·â†·å£·àù ·ã∞·ä®·àõ ·ã®·â£·äï·ä≠ ·ä†·åà·àç·åç·àé·âµ! ·â†·à≠ ·â†·ä§·â¥·àô ·àã·ãà·å£ ·àû·ä®·à≠·ä© ·ä®·ãõ ·â•·à¨·äï ·âÅ·à®·å† ·åç·äï ·â•·à©·äï ·ä†·àã·ãà·å£·àÅ·âµ·àù ·äê·â†·à≠·ç¢ 8397 ·àã·ã≠ ·ã∞·ãà·àç·ä© 24 ·å†·â•·âÖ ·ä†·àâ·äù·ç¢ ·å†·â†·ä© ·â•·à¨ ·ã®·àà·àù·ç¢ ·ä®·ãõ ·ãµ·åã·àú ·ã∞·ãà·àç·ä© ·àò·ãù·åç·â†·äï·àç·àÉ·àç ·ä®15 ·âÄ·äï ·â†·äã·àã ·â•·à≠·àÖ ·ã≠·àò·àà·à≥·àç ·ä†·àâ·äù·ç¢ 15 ·âÄ·äï ·å†·â†·ä© ·ã∞·ãà·àç·ä©·äù ·ä®·ãõ 15 ·âÄ·äï ·àµ·äï·àç 15 ·ã®·à•·à´ ·âÄ·äì·âµ·äï ·äê·ãç ·àõ·àà·â≥·âΩ·äï ·äê·ãç ·ä†·àâ·äù·ç¢ ·ä•·à∫ ·â•·ã© ·ä®15 ·ã®·à•·à´ ·âÄ·äì·âµ ·ãà·ã≠·àù ·ä®·à¶·àµ·âµ ·à≥·àù·äï·âµ ·â†·äã·àã ·ã∞·ãà·àç·ä©·ç¢ ·ã´·äê·à±·âµ·äì ·å†·â•·âÄ·äù ·â•·àà·ãç ·àò·ãù·åã·âµ ·åÄ·àò·à© ·ä®·ä†·à´·âµ ·åä·ãú ·â†·àã·ã≠ ·ã∞·åã·åç·àú ·ã∞·ãç·ã¨ ·àµ·å†·ã≠·âÖ ·å≠·à´·àΩ ·ä†·àç·â∞·àò·ãò·åà·â†·àù ·â•·àà·ãç·äù ·ä†·à®·çâ·âµ! ·àù·äï ·ä†·ã≠·äê·âµ ·ã®·ãò·âÄ·å† ·ä†·åà·àç·åç·àé·âµ ·äê·ãç? ·â∞·àõ·äù·äê·âµ ·âÖ·àç·å•·çç·äì ·ã®·åé·ã∞·àà·ãç ·ã®·â£·äï·ä≠ ·ä†·åà·àç·åç·àé·âµ! ·ãà·ã∞ ·â¥·àå·â•·à≠ ·àÜ·äê ·ãà·ã∞·àå·àã ·â£·äï·ä≠ ·â•·à≠ ·àà·àò·àã·ä≠ ·ã®·ãö·àÖ ·ä†·ã≠·äê·âµ ·â∞·ã∞·åã·åã·àö ·âΩ·åç·à≠ ·åà·å•·àû·äõ·àç·ç¢ ·ã®·ä†·àÅ·äë ·ä®·çã ·ä•·äï·åÇ·ç¢,,,,
b1f68543-bc04-461b-963d-ceed1436de6b,Getasew Tiru,https://play-lh.googleusercontent.com/a-/ALV-UjU6QGr51nUu7_k7VbHv13QZRzrC1_CV6q45j-zx9YNp9fKmlkM,0,,2024-02-29 12:15:00,,,,5,The best app,,,,
d905073a-c3a2-4eb3-a983-878313b1ae43,Bahar Kaa,https://play-lh.googleusercontent.com/a-/ALV-UjWqVTo064WvsdyRG-z8-7yvq8lkCaRlQUn6upfZ3DT-0kWDBcc,0,24.02.14,2024-02-28 22:37:02,,,24.02.14,5,Bravo,,,,
de301309-63d2-47f2-b300-c7807db36af9,Mehary Mezemir D.,https://play-lh.googleusercontent.com/a-/ALV-UjX87taplSvqULgI-F-bZdB6SJ8CLOc0rY16atmnLG3BqRrAo3o,176,24.02.14,2024-02-28 15:15:58,,,24.02.14,5,"Very friendly, easy to use and secured. More and more stands to benefit users. Thanks to Abyssinia Bank.",,,,
2983d72e-4023-4ba9-957d-9e75dcb8d318,abraham gute,https://play-lh.googleusercontent.com/a/ACg8ocJOT3FrAcmzBx5-cbVOQYyynIQUDgAoYKn3LZaTagFpVQ0T6g=mo,1,,2024-02-27 12:41:17,,,,2,The app need to work fast because it is very slow...!!!,,,,
f57cf900-a672-4643-a678-0759bf33cd9d,Mamushi Zelalem,https://play-lh.googleusercontent.com/a-/ALV-UjUpf59qToJfe5Rgm86fJnQYJmHCdiZun6ksTGedjgTK1BkVNxc,0,,2024-02-26 20:22:40,,,,5,god ape,,,,
67b0a6a8-da39-4689-8f96-8632591d6a78,abebual alem4030,https://play-lh.googleusercontent.com/a-/ALV-UjV3UIl7tpch-nI3dyRSRPhg1y7RKpsTQGwPJN5S7VjkPAKKzjs,4,23.12.29,2024-02-25 15:11:21,,,23.12.29,5,this app perfect and exellence digital service with boa,,,,
547b05e3-bc69-4610-9679-9bd214b39d01,Fanuel Gebremedhn,https://play-lh.googleusercontent.com/a-/ALV-UjUokUV5tiiptS8Elef8L13BqiR4oknZ7-8FX6b8sMN4tDPORlHa,0,24.01.17,2024-02-25 12:24:33,,,24.01.17,5,Very good app,,,,
73f583f3-dd86-4bde-9a65-547549cdb591,Aysanew Yonas,https://play-lh.googleusercontent.com/a-/ALV-UjV_58WYNq6AqQq0x31vFGlqMqaazCkBXFDJ2Uzw44vcfgTG6UJN,3,,2024-02-25 11:23:59,,,,3,"Apollo is trying to bring something new, something insane but not taking the users action and feedback. Here's what Apollo is really missing. 1. From Developers' perspective - it's not well tested and packed. Everytime you try to login or do something there's a technical error notifications that a user can't understand - it has lots of concurrent actions that is not really necessary 2. From User Side - Huge space is required to install the app - loading time takes forever",,,,
813caeea-ca71-4385-9497-cf99a1d5c7de,hawi degefa,https://play-lh.googleusercontent.com/a/ACg8ocJPimrm3FnnAA00cWRQmAt0n7fp48JHtVPPGbLWUXgAc1HzfQ=mo,0,,2024-02-25 06:27:43,,,,1,The worest app i have ever seen.......-10,,,,
65a804b1-0506-454e-89e6-04e5d1ae997d,Mujahid Mohammed,https://play-lh.googleusercontent.com/a-/ALV-UjUtmZ5J0v2tuy4wsw3CW6uyWaUkpz1B_0KNzxfEQImJcWy5Cyg,0,24.02.14,2024-02-25 01:17:52,,,24.02.14,1,Fake uninstal,,,,
864a06a2-fcfe-4fae-b4fe-98af19d46f4d,Israel Bahile,https://play-lh.googleusercontent.com/a/ACg8ocJQEH9RB-e_uEbnnUzu-B18m5Y4jXTb6CTKcES5xd6VZ2QXBg=mo,0,,2024-02-24 21:47:06,,,,2,I can't even download it!,,,,
f51b6d63-eb8f-452f-987a-cbaa9b2c11b5,Tsige Girma,https://play-lh.googleusercontent.com/a/ACg8ocIxb-xjTQEP4nv4LodTxiOSHDWkfiKyK_WU5cDXb17eeL4gkA=mo,0,,2024-02-24 20:53:14,,,,5,Awosome,,,,
a0763da2-0325-4175-80c0-df4cd639385e,yohannes assefa,https://play-lh.googleusercontent.com/a-/ALV-UjWR330KcbZtDXXBKytFCUAueJqDo2QddTCUUqzugBwyFOY0c40,0,24.02.14,2024-02-24 17:38:35,,,24.02.14,1,·âÜ·ã≠ ·ä•·äî·àù·àà·ãç ·ã®·â•·ãµ·à≠·âÜ·ã≠ ·ä•·äî·àù·àà·ãç ·ã®·â•·ãµ·à≠ ·ä†·åà·àç·åç·àé·â± ·àà·àù·äï·ãµ·äê·ãç ·ä®·çç·àà·äï ·àµ·äï·å®·à≠·àµ ·àç·ä≠ ·ä•·äï·ã∞ ·â¥·àå·â•·à≠ ·â∂·àé ·â∞·å®·àõ·à™ ·ã®·â•·ãµ·à≠ ·ä†·åà·àç·åç·àé·âµ ·àä·à∞·å†·äï ·ã´·àç·âª·àà·ãç ·ä†·åà·àç·åç·àé·â± ·àà·àù·äï·ãµ·äê·ãç ·ä®·çç·àà·äï ·àµ·äï·å®·à≠·àµ ·àç·ä≠ ·ä•·äï·ã∞ ·â¥·àå·â•·à≠ ·â∂·àé ·â∞·å®·àõ·à™ ·ã®·â•·ãµ·à≠ ·ä†·åà·àç·åç·àé·âµ ·àä·à∞·å†·äï ·ã´·àç·âª·àà·ãç·â†·ãö·àÖ ·à®·åà·ãµ ·ã®·ãà·à®·ã∞ ·ä†·åà·àç·åç·àé·âµ ·äê·ãçüôÑ,,,,
37758232-d083-4c5e-9f9b-068a970c282e,ras daniel,https://play-lh.googleusercontent.com/a-/ALV-UjUbZziJ6yejybTI-oVAAII5JdOJeIt-K5jB2lIgXTkFWHdYLmqR,1,24.02.14,2024-02-24 12:30:34,,,24.02.14,1,Its a boring app i have used ever...please try to update,,,,
7d5dff3a-3bc8-45e6-a4fa-942cc4592e29,Nafyad ·ä¢·âµ·ãÆ·åµ·ã´,https://play-lh.googleusercontent.com/a-/ALV-UjW2OTCao-i8L4E3_9cbZJo-ZMMPDikuo8YECBaNqK9oExrAkbbS,0,24.02.14,2024-02-23 22:55:38,,,24.02.14,4,Improving now,,,,
7ec999ca-f5f6-4dcd-acde-be930c48696b,abrham hab,https://play-lh.googleusercontent.com/a-/ALV-UjWCnYEGHjFNZfUbsi71_AHMPJmtWBIeOwO0bdC5eiDJyWEsC_dW,3,23.12.29,2024-02-23 13:29:21,,,23.12.29,5,well designed and very user freindly.,,,,
fdad1bc4-80d2-4ce9-a7a9-2674a6019799,Ami Dax,https://play-lh.googleusercontent.com/a-/ALV-UjVDVzzo-mB7tQUwWOJ1nCbQ0Y2ky1hZ9QyvGktHiGymUaizCCM,1,24.02.14,2024-02-23 11:41:00,,,24.02.14,1,It doesn't work,,,,
2bfc1a33-9e5d-4519-93d7-e48a058c4414,Ayub Ahmed,https://play-lh.googleusercontent.com/a/ACg8ocIq95yF27p7nXpHo5Sgu8MKJ2cj0AaXITeQkee1ZXsCtTWllg=mo,1,24.02.14,2024-02-23 00:18:01,,,24.02.14,1,Bad App All modules were not worked,,,,
e3f68195-0767-4eba-847c-3536a355b1aa,abe gashaw,https://play-lh.googleusercontent.com/a-/ALV-UjU0aKqwRdtpg9E34gN17YRPXTC09YSc1FDk44jBx61A4WrmsXY,0,23.07.24,2024-02-22 12:58:11,,,23.07.24,5,Beast Platform,,,,
6f49d22f-f77d-4ea7-ae63-3f1465b22b3a,Tekabe Tefera,https://play-lh.googleusercontent.com/a/ACg8ocJ6Ukmwwsz_HF166Ggxe06mEDhp_kfi9HgCgdhFLgHwWuMcwg=mo,0,24.01.17,2024-02-22 09:05:33,,,24.01.17,5,More more,,,,
e6e04ede-c392-4770-a777-e30213f7e5b9,ÿπÿ®ŸÄŸÄÿØÿßŸÑÿπÿ≤ŸäŸÄÿ≤ ÿ∑ŸÄŸá,https://play-lh.googleusercontent.com/a-/ALV-UjWl12QO6e7UUA6EhEZEKm8z2rEV7mxr_FjxXhDpnn_fbvu2gxSg,1,24.02.14,2024-02-21 18:06:02,,,24.02.14,3,good,,,,
43172e8d-4d87-4c97-bc6a-5c7c0ccf8faf,Sancho Alex,https://play-lh.googleusercontent.com/a-/ALV-UjXuD3M-UxXxIY8sPwvBvOh2jqg_GtCDF8iXA6h-X6uYXLEKWTN9,0,23.07.24,2024-02-21 12:20:09,,,23.07.24,5,·àµ·àà ·ä†·çñ·àé ·ã®·â∞·àª ·àõ·ãà·âÖ ·ä•·çà·àç·åã·àà·àÅ ·çç·âÉ·ã∞·äõ ·ä®·àÜ·äì·âπ·àÖ,,,,
8c4a815b-d937-430d-b67f-d2a2c0e8ef28,Mebratu Gebreselassie,https://play-lh.googleusercontent.com/a/ACg8ocLDK9vZGrOvSclgm1I4cDPv-njqMjEXzv2fIulhctdaU_q8_w=mo,0,24.02.14,2024-02-21 04:16:55,,,24.02.14,5,Nice app,,,,
a8a3e3df-9345-4057-ae96-dc2eabc2e6a8,Muhammed Ebre,https://play-lh.googleusercontent.com/a/ACg8ocJr3ZBeyrFOiMgGnn59CBFz14EZY99Q1Tc9sHk0PouUKVaPNw=mo,1,24.02.09,2024-02-20 19:53:19,,,24.02.09,4,üë©‚Äçüéìüë©‚Äçüéìüë©‚Äçüéìüë©‚Äçüéìüë©‚Äçüéìüë©‚Äçüéìüë®‚Äçüè´üë®‚Äçüè´üë®‚Äçüè´üë®‚Äçüè´üë©‚Äçüè´üêÑü¶àüêîüêîüêîüê¥ üåÑGood morningüåÑüê¥üê¥üê¥ üíõ üò¥ üíõ üê¥üê¥üê¥üê¥ü¶Åü¶Åü¶Å üåÑGood morningüåÑ üíõ üò¥ üíõ ‚òÄÔ∏è üç≥üéΩ‚òïÔ∏è ‚òÄÔ∏è ‚òÄÔ∏è üëñ ‚òÄÔ∏è üíõ üë°üë° üíõ üåÑüíõ‚òÄÔ∏è‚òÄÔ∏è‚òÄÔ∏èüíõüåÑ üíâüíâüíâüíâüíâüíâüíâ üíâ‚ù§‚ù§üíâ‚ù§‚ù§üíâ ‚ù§ ‚ù§ ‚ù§ ‚ù§ Get better! ‚ù§ üíâ‚ù§ ‚ù§üíâ üíâüíâ‚ù§ ‚ù§üíâüíâ üíâüíâüíâ‚ù§üíâüíâüíâ üíâüíâüíâ üê¥ ‚òÄÔ∏è üç≥üéΩ‚òïÔ∏è ‚òÄÔ∏è ‚òÄÔ∏è üëñ ‚òÄÔ∏è üíõ üë°üë° üíõ üåÑüíõ‚òÄÔ∏è‚òÄÔ∏è‚òÄÔ∏èüíõüåÑ,,,,
ddfa3f72-c61d-4792-8185-3b9e9a1eebd6,Lul Chuol tut,https://play-lh.googleusercontent.com/a-/ALV-UjXPZbZ9XvKHeBBOktLFZ9yiTCUZGS_9jCoIOikXMlLx3Ny7mog,0,,2024-02-20 15:32:10,,,,5,Great üëç,,,,
99f4aced-0118-49fd-9004-d52fe34f1722,Teleste Guesh,https://play-lh.googleusercontent.com/a/ACg8ocJFxO0dU6CuLZKadgjJUZxaT-N8FdJ-MJ8qx7K9i6MFuTDtRw=mo,0,,2024-02-20 11:46:07,,,,5,Waww,,,,
